name_a,name_b,severity,sources
Colchicine,Erythromycin,severe,ndf-rt+openfda(a_in_b_label)
Colchicine,Cyclosporine,reported,ndf-rt+openfda(a_in_b_label)
Colchicine,Ketoconazole,moderate,ndf-rt+openfda(a_in_b_label)
Colchicine,Ciprofloxacin,moderate,ndf-rt+openfda(b_in_a_label)
Colchicine,Lovastatin,moderate,ndf-rt+openfda(a_in_b_label)
Colchicine,Fluconazole,moderate,ndf-rt+openfda(b_in_a_label)
Colchicine,Diltiazem,reported,ndf-rt+openfda(b_in_a_label)
Colchicine,Verapamil,moderate,ndf-rt+openfda(a_in_b_label)
Colchicine,Azithromycin,moderate,ndf-rt+openfda(a_in_b_label)
Colchicine,Clarithromycin,severe,ndf-rt+openfda(a_in_b_label)
Colchicine,Simvastatin,moderate,ndf-rt+openfda(a_in_b_label)
Colchicine,Pravastatin,moderate,ndf-rt+openfda(a_in_b_label)
Colchicine,Itraconazole,severe,ndf-rt+openfda(a_in_b_label)
Colchicine,Nefazodone,severe,ndf-rt+openfda(b_in_a_label)
Colchicine,Saquinavir,severe,ndf-rt+openfda(b_in_a_label)
Colchicine,Ritonavir,severe,ndf-rt+openfda(a_in_b_label)
Colchicine,Carvedilol,moderate,ndf-rt+openfda(b_in_a_label)
Colchicine,Amprenavir,severe,ndf-rt+openfda(b_in_a_label)
Colchicine,Voriconazole,moderate,ndf-rt+openfda(b_in_a_label)
Colchicine,Aprepitant,severe,ndf-rt+openfda(b_in_a_label)
Colchicine,Rosuvastatin,moderate,ndf-rt+openfda(a_in_b_label)
Colchicine,Fosamprenavir,severe,ndf-rt+openfda(a_in_b_label)
Colchicine,Telithromycin,severe,ndf-rt+openfda(b_in_a_label)
Colchicine,Fluvastatin,moderate,ndf-rt+openfda(a_in_b_label)
Colchicine,Indinavir,moderate,ndf-rt+openfda(b_in_a_label)
Colchicine,Atorvastatin,moderate,ndf-rt+openfda(a_in_b_label)
Colchicine,Nelfinavir,moderate,ndf-rt+openfda(a_in_b_label)
Colchicine,Atazanavir,severe,ndf-rt+openfda(a_in_b_label)
Colchicine,Tipranavir,severe,ndf-rt+openfda(b_in_a_label)
Colchicine,Ranolazine,severe,ndf-rt+openfda(b_in_a_label)
Colchicine,Darunavir,severe,ndf-rt+openfda(a_in_b_label)
Colchicine,Posaconazole,moderate,ndf-rt+openfda(b_in_a_label)
Phenobarbital,Metronidazole,reported,ndf-rt+openfda(a_in_b_label)
Phenobarbital,Ethinyl Estradiol,reported,ndf-rt+openfda(a_in_b_label)
Phenobarbital,Levonorgestrel,moderate,ndf-rt+openfda(a_in_b_label)
Phenobarbital,Aminophylline,reported,ndf-rt+openfda(a_in_b_label)
Phenobarbital,Haloperidol,reported,ndf-rt+openfda(a_in_b_label)
Phenobarbital,Theophylline,reported,ndf-rt+openfda(a_in_b_label)
Phenobarbital,Nifedipine,severe,ndf-rt+openfda(a_in_b_label)
Phenobarbital,Estrogens,moderate,ndf-rt+openfda(a_in_b_label)
Phenobarbital,Estrone,moderate,ndf-rt+openfda(b_in_a_label)
Phenobarbital,Norethindrone,moderate,ndf-rt+openfda(a_in_b_label)
Phenobarbital,Phenprocoumon,moderate,ndf-rt+openfda(b_in_a_label)
Phenobarbital,Dicumarol,reported,ndf-rt+openfda(b_in_a_label)
Phenobarbital,Cyclosporine,reported,ndf-rt+openfda(a_in_b_label)
Phenobarbital,Nimodipine,moderate,ndf-rt+openfda(a_in_b_label)
Phenobarbital,Doxorubicin,moderate,ndf-rt+openfda(a_in_b_label)
Phenobarbital,Guanfacine,moderate,ndf-rt+openfda(a_in_b_label)
Phenobarbital,Tamoxifen,reported,ndf-rt+openfda(a_in_b_label)
Phenobarbital,Warfarin,reported,ndf-rt+openfda(a_in_b_label)
Phenobarbital,Felodipine,moderate,ndf-rt+openfda(a_in_b_label)
Phenobarbital,Risperidone,reported,ndf-rt+openfda(a_in_b_label)
Phenobarbital,Tacrolimus,moderate,ndf-rt+openfda(a_in_b_label)
Phenobarbital,Ritonavir,moderate,ndf-rt+openfda(a_in_b_label)
Phenobarbital,Efavirenz,reported,ndf-rt+openfda(a_in_b_label)
Phenobarbital,Sirolimus,moderate,ndf-rt+openfda(a_in_b_label)
Phenobarbital,Exemestane,reported,ndf-rt+openfda(a_in_b_label)
Phenobarbital,Imatinib,reported,ndf-rt+openfda(a_in_b_label)
Phenobarbital,Voriconazole,severe,ndf-rt+openfda(a_in_b_label)
Phenobarbital,Fosamprenavir,severe,ndf-rt+openfda(a_in_b_label)
Phenobarbital,Tinidazole,reported,ndf-rt+openfda(a_in_b_label)
Phenobarbital,Erlotinib,reported,ndf-rt+openfda(a_in_b_label)
Phenobarbital,Irinotecan,reported,ndf-rt+openfda(a_in_b_label)
Phenobarbital,Nelfinavir,moderate,ndf-rt+openfda(a_in_b_label)
Phenobarbital,Toremifene,moderate,ndf-rt+openfda(a_in_b_label)
Phenobarbital,Atazanavir,severe,ndf-rt+openfda(a_in_b_label)
Phenobarbital,Deferasirox,reported,ndf-rt+openfda(a_in_b_label)
Phenobarbital,Ranolazine,severe,ndf-rt+openfda(a_in_b_label)
Phenobarbital,Darunavir,moderate,ndf-rt+openfda(a_in_b_label)
Phenobarbital,Raltegravir,severe,ndf-rt+openfda(a_in_b_label)
Phenobarbital,Etravirine,severe,ndf-rt+openfda(a_in_b_label)
Phenobarbital,Everolimus,moderate,ndf-rt+openfda(a_in_b_label)
Phenobarbital,Dronedarone,reported,ndf-rt+openfda(a_in_b_label)
Phenobarbital,Roflumilast,severe,ndf-rt+openfda(a_in_b_label)
Phenobarbital,Rilpivirine,severe,ndf-rt+openfda(a_in_b_label)
Phenobarbital,Ticagrelor,reported,ndf-rt+openfda(a_in_b_label)
Phenobarbital,Axitinib,reported,ndf-rt+openfda(a_in_b_label)
Phenobarbital,Ivacaftor,severe,ndf-rt+openfda(a_in_b_label)
Digitoxin,Rifampin,moderate,ndf-rt+openfda(a_in_b_label)
Digitoxin,Colestipol,moderate,ndf-rt+openfda(a_in_b_label)
Digitoxin,Quinidine,reported,ndf-rt+openfda(a_in_b_label)
Digitoxin,Verapamil,moderate,ndf-rt+openfda(a_in_b_label)
Propylthiouracil,Warfarin,moderate,ndf-rt+openfda(b_in_a_label)
Methimazole,Warfarin,moderate,ndf-rt+openfda(b_in_a_label)
Potassium Chloride,Captopril,moderate,ndf-rt+openfda(b_in_a_label)
Potassium Chloride,Spironolactone,severe,ndf-rt+openfda(b_in_a_label)
Potassium Chloride,Triamterene,severe,ndf-rt+openfda(b_in_a_label)
Potassium Chloride,Hyoscyamine,severe,ndf-rt+openfda(a_in_b_label)
Potassium Chloride,Glycopyrrolate,severe,ndf-rt+openfda(a_in_b_label)
Potassium Chloride,Amiloride,severe,ndf-rt+openfda(b_in_a_label)
Potassium Chloride,Enalapril,moderate,ndf-rt+openfda(b_in_a_label)
Potassium Chloride,Methotrexate,severe,ndf-rt+openfda(b_in_a_label)
Potassium Chloride,Eplerenone,severe,ndf-rt+openfda(b_in_a_label)
Potassium Chloride,Aliskiren,moderate,ndf-rt+openfda(b_in_a_label)
Thimerosal,Sodium Phosphate,moderate,ndf-rt+openfda(a_in_b_label)
Testosterone,Warfarin,moderate,ndf-rt+openfda(b_in_a_label)
Sulfadiazine,Methotrexate,moderate,ndf-rt+openfda(b_in_a_label)
Isoniazid,Acetaminophen,moderate,ndf-rt+openfda(b_in_a_label)
Isoniazid,Levodopa,moderate,ndf-rt+openfda(a_in_b_label)
Isoniazid,Phenytoin,moderate,ndf-rt+openfda(a_in_b_label)
Isoniazid,Carbamazepine,reported,ndf-rt+openfda(a_in_b_label)
Isoniazid,Ketoconazole,moderate,ndf-rt+openfda(a_in_b_label)
Isoniazid,Estazolam,moderate,ndf-rt+openfda(a_in_b_label)
Isoniazid,Warfarin,reported,ndf-rt+openfda(a_in_b_label)
Isoniazid,Itraconazole,severe,ndf-rt+openfda(a_in_b_label)
Isoniazid,Fosphenytoin,moderate,ndf-rt+openfda(a_in_b_label)
Reserpine,Tetrabenazine,moderate,ndf-rt+openfda(a_in_b_label)
Codeine,Buprenorphine,moderate,ndf-rt+openfda(b_in_a_label)
Codeine,Fluoxetine,moderate,ndf-rt+openfda(b_in_a_label)
Potassium Bicarbonate,Captopril,moderate,ndf-rt+openfda(b_in_a_label)
Potassium Bicarbonate,Spironolactone,severe,ndf-rt+openfda(b_in_a_label)
Potassium Bicarbonate,Triamterene,severe,ndf-rt+openfda(b_in_a_label)
Potassium Bicarbonate,Amiloride,reported,ndf-rt+openfda(b_in_a_label)
Potassium Bicarbonate,Enalapril,moderate,ndf-rt+openfda(b_in_a_label)
Potassium Citrate,Spironolactone,moderate,ndf-rt+openfda(b_in_a_label)
Potassium Citrate,Triamterene,moderate,ndf-rt+openfda(b_in_a_label)
Potassium Citrate,Amiloride,moderate,ndf-rt+openfda(b_in_a_label)
Potassium Citrate,Eplerenone,moderate,ndf-rt+openfda(b_in_a_label)
Potassium Citrate,Aliskiren,moderate,ndf-rt+openfda(b_in_a_label)
Nitroglycerin,Dihydroergotamine,moderate,ndf-rt+openfda(b_in_a_label)
Nitroglycerin,Vardenafil,severe,ndf-rt+openfda(a_in_b_label)
Nitroglycerin,Tadalafil,severe,ndf-rt+openfda(b_in_a_label)
Nitroglycerin,Ergotamine,severe,ndf-rt+openfda(b_in_a_label)
Nitroglycerin,Sildenafil,severe,ndf-rt+openfda(b_in_a_label)
Morphine,Rifampin,moderate,ndf-rt+openfda(a_in_b_label)
Morphine,Buprenorphine,moderate,ndf-rt+openfda(b_in_a_label)
Morphine,Butorphanol,moderate,ndf-rt+openfda(b_in_a_label)
Morphine,Nalbuphine,moderate,ndf-rt+openfda(b_in_a_label)
Opium,Buprenorphine,moderate,ndf-rt+openfda(b_in_a_label)
Opium,Butorphanol,moderate,ndf-rt+openfda(b_in_a_label)
Opium,Nalbuphine,moderate,ndf-rt+openfda(b_in_a_label)
Opium,Tranylcypromine,severe,ndf-rt+openfda(b_in_a_label)
Opium,Linezolid,moderate,ndf-rt+openfda(b_in_a_label)
Cefaclor,Aluminum Hydroxide,moderate,ndf-rt+openfda(b_in_a_label)
Aspirin,Ibuprofen,moderate,ndf-rt+openfda(a_in_b_label)
Aspirin,Probenecid,severe,ndf-rt+openfda(b_in_a_label)
Aspirin,Heparin,reported,ndf-rt+openfda(b_in_a_label)
Aspirin,Valproic Acid,moderate,ndf-rt+openfda(a_in_b_label)
Aspirin,Valproate Sodium,moderate,ndf-rt+openfda(a_in_b_label)
Aspirin,Sulfinpyrazone,severe,ndf-rt+openfda(b_in_a_label)
Aspirin,Ketorolac Tromethamine,severe,ndf-rt+openfda(a_in_b_label)
Aspirin,Methotrexate,moderate,ndf-rt+openfda(a_in_b_label)
Aspirin,Warfarin,moderate,ndf-rt+openfda(a_in_b_label)
Aspirin,Enoxaparin,reported,ndf-rt+openfda(b_in_a_label)
Aspirin,Celecoxib,moderate,ndf-rt+openfda(a_in_b_label)
Aspirin,Rivaroxaban,moderate,ndf-rt+openfda(a_in_b_label)
Caffeine,Cimetidine,moderate,ndf-rt+openfda(b_in_a_label)
Caffeine,Adenosine,moderate,ndf-rt+openfda(a_in_b_label)
Caffeine,Regadenoson,moderate,ndf-rt+openfda(a_in_b_label)
Ampicillin,Ethinyl Estradiol,reported,ndf-rt+openfda(a_in_b_label)
Ampicillin,Levonorgestrel,reported,ndf-rt+openfda(a_in_b_label)
Ampicillin,Norethindrone,reported,ndf-rt+openfda(a_in_b_label)
Erythromycin,Phenytoin,severe,ndf-rt+openfda(b_in_a_label)
Erythromycin,Carbamazepine,reported,ndf-rt+openfda(a_in_b_label)
Erythromycin,Digoxin,moderate,ndf-rt+openfda(a_in_b_label)
Erythromycin,Aminophylline,reported,ndf-rt+openfda(a_in_b_label)
Erythromycin,Triazolam,moderate,ndf-rt+openfda(a_in_b_label)
Erythromycin,Alprazolam,moderate,ndf-rt+openfda(a_in_b_label)
Erythromycin,Haloperidol,moderate,ndf-rt+openfda(a_in_b_label)
Erythromycin,Theophylline,moderate,ndf-rt+openfda(a_in_b_label)
Erythromycin,Hydrocodone,moderate,ndf-rt+openfda(a_in_b_label)
Erythromycin,Lidocaine,moderate,ndf-rt+openfda(a_in_b_label)
Erythromycin,Pimozide,severe,ndf-rt+openfda(a_in_b_label)
Erythromycin,Fentanyl,reported,ndf-rt+openfda(a_in_b_label)
Erythromycin,Cyclosporine,reported,ndf-rt+openfda(a_in_b_label)
Erythromycin,Terfenadine,severe,ndf-rt+openfda(b_in_a_label)
Erythromycin,Astemizole,severe,ndf-rt+openfda(b_in_a_label)
Erythromycin,Nimodipine,moderate,ndf-rt+openfda(a_in_b_label)
Erythromycin,Lovastatin,severe,ndf-rt+openfda(a_in_b_label)
Erythromycin,Clozapine,moderate,ndf-rt+openfda(a_in_b_label)
Erythromycin,Fluconazole,severe,ndf-rt+openfda(a_in_b_label)
Erythromycin,Alfentanil,severe,ndf-rt+openfda(b_in_a_label)
Erythromycin,Amiodarone,reported,ndf-rt+openfda(b_in_a_label)
Erythromycin,Bromocriptine,moderate,ndf-rt+openfda(a_in_b_label)
Erythromycin,Buprenorphine,moderate,ndf-rt+openfda(a_in_b_label)
Erythromycin,Buspirone,moderate,ndf-rt+openfda(a_in_b_label)
Erythromycin,Clindamycin,severe,ndf-rt+openfda(a_in_b_label)
Erythromycin,Dihydroergotamine,severe,ndf-rt+openfda(a_in_b_label)
Erythromycin,Diltiazem,severe,ndf-rt+openfda(b_in_a_label)
Erythromycin,Disopyramide,severe,ndf-rt+openfda(a_in_b_label)
Erythromycin,Methadone,reported,ndf-rt+openfda(a_in_b_label)
Erythromycin,Midazolam,moderate,ndf-rt+openfda(a_in_b_label)
Erythromycin,Oxycodone,severe,ndf-rt+openfda(a_in_b_label)
Erythromycin,Procainamide,reported,ndf-rt+openfda(b_in_a_label)
Erythromycin,Propafenone,moderate,ndf-rt+openfda(a_in_b_label)
Erythromycin,Quinidine,severe,ndf-rt+openfda(b_in_a_label)
Erythromycin,Quinine,moderate,ndf-rt+openfda(a_in_b_label)
Erythromycin,Verapamil,moderate,ndf-rt+openfda(a_in_b_label)
Erythromycin,Vinblastine,severe,ndf-rt+openfda(a_in_b_label)
Erythromycin,Warfarin,reported,ndf-rt+openfda(a_in_b_label)
Erythromycin,Felodipine,moderate,ndf-rt+openfda(a_in_b_label)
Erythromycin,Simvastatin,severe,ndf-rt+openfda(a_in_b_label)
Erythromycin,Pravastatin,reported,ndf-rt+openfda(a_in_b_label)
Erythromycin,Itraconazole,moderate,ndf-rt+openfda(a_in_b_label)
Erythromycin,Rifabutin,severe,ndf-rt+openfda(b_in_a_label)
Erythromycin,Amlodipine,moderate,ndf-rt+openfda(a_in_b_label)
Erythromycin,Sotalol,reported,ndf-rt+openfda(b_in_a_label)
Erythromycin,Cisapride,severe,ndf-rt+openfda(b_in_a_label)
Erythromycin,Tacrolimus,moderate,ndf-rt+openfda(a_in_b_label)
Erythromycin,Ritonavir,severe,ndf-rt+openfda(a_in_b_label)
Erythromycin,Repaglinide,moderate,ndf-rt+openfda(a_in_b_label)
Erythromycin,Cilostazol,reported,ndf-rt+openfda(a_in_b_label)
Erythromycin,Sirolimus,moderate,ndf-rt+openfda(a_in_b_label)
Erythromycin,Dofetilide,reported,ndf-rt+openfda(b_in_a_label)
Erythromycin,Eplerenone,severe,ndf-rt+openfda(a_in_b_label)
Erythromycin,Vardenafil,moderate,ndf-rt+openfda(a_in_b_label)
Erythromycin,Tadalafil,moderate,ndf-rt+openfda(a_in_b_label)
Erythromycin,Ergotamine,severe,ndf-rt+openfda(a_in_b_label)
Erythromycin,Atorvastatin,moderate,ndf-rt+openfda(a_in_b_label)
Erythromycin,Toremifene,moderate,ndf-rt+openfda(a_in_b_label)
Erythromycin,Sildenafil,reported,ndf-rt+openfda(a_in_b_label)
Erythromycin,Tolterodine,severe,ndf-rt+openfda(a_in_b_label)
Erythromycin,Atazanavir,severe,ndf-rt+openfda(a_in_b_label)
Erythromycin,Eszopiclone,severe,ndf-rt+openfda(b_in_a_label)
Erythromycin,Ranolazine,moderate,ndf-rt+openfda(a_in_b_label)
Erythromycin,Everolimus,moderate,ndf-rt+openfda(a_in_b_label)
Erythromycin,Dronedarone,moderate,ndf-rt+openfda(a_in_b_label)
Erythromycin,Pitavastatin,reported,ndf-rt+openfda(a_in_b_label)
Erythromycin,Lurasidone,reported,ndf-rt+openfda(a_in_b_label)
Erythromycin,Rivaroxaban,severe,ndf-rt+openfda(a_in_b_label)
Erythromycin,Ivacaftor,moderate,ndf-rt+openfda(a_in_b_label)
Triamcinolone,Rifampin,moderate,ndf-rt+openfda(b_in_a_label)
Triamcinolone,Warfarin,moderate,ndf-rt+openfda(b_in_a_label)
Triamcinolone,Ritonavir,moderate,ndf-rt+openfda(a_in_b_label)
Nadolol,Epinephrine,severe,ndf-rt+openfda(b_in_a_label)
Amoxicillin,Allopurinol,moderate,ndf-rt+openfda(a_in_b_label)
Amoxicillin,Methotrexate,severe,ndf-rt+openfda(b_in_a_label)
Captopril,Potassium,moderate,ndf-rt+openfda(a_in_b_label)
Captopril,Spironolactone,moderate,ndf-rt+openfda(b_in_a_label)
Captopril,Indomethacin,moderate,ndf-rt+openfda(a_in_b_label)
Captopril,Triamterene,moderate,ndf-rt+openfda(b_in_a_label)
Captopril,Amiloride,moderate,ndf-rt+openfda(b_in_a_label)
Captopril,Lithium,moderate,ndf-rt+openfda(a_in_b_label)
Captopril,Sirolimus,moderate,ndf-rt+openfda(b_in_a_label)
Captopril,Aliskiren,severe,ndf-rt+openfda(b_in_a_label)
Captopril,Temsirolimus,moderate,ndf-rt+openfda(b_in_a_label)
Captopril,Everolimus,moderate,ndf-rt+openfda(b_in_a_label)
Hydrochlorothiazide,Digoxin,moderate,ndf-rt+openfda(b_in_a_label)
Hydrochlorothiazide,Digitalis,severe,ndf-rt+openfda(b_in_a_label)
Hydrochlorothiazide,Lithium,moderate,ndf-rt+openfda(a_in_b_label)
Hydrochlorothiazide,Dofetilide,severe,ndf-rt+openfda(a_in_b_label)
Amphotericin B,Cyclosporine,reported,ndf-rt+openfda(a_in_b_label)
Amphotericin B,Digitalis,moderate,ndf-rt+openfda(b_in_a_label)
Amphotericin B,Foscarnet,reported,ndf-rt+openfda(a_in_b_label)
Amphotericin B,Cidofovir,severe,ndf-rt+openfda(a_in_b_label)
Tetracycline,Isotretinoin,reported,ndf-rt+openfda(b_in_a_label)
Tetracycline,Ethinyl Estradiol,severe,ndf-rt+openfda(a_in_b_label)
Tetracycline,Digoxin,moderate,ndf-rt+openfda(a_in_b_label)
Tetracycline,Sodium Bicarbonate,severe,ndf-rt+openfda(b_in_a_label)
Tetracycline,Norethindrone,reported,ndf-rt+openfda(a_in_b_label)
Tetracycline,Warfarin,moderate,ndf-rt+openfda(b_in_a_label)
Tetracycline,Atovaquone,severe,ndf-rt+openfda(a_in_b_label)
Tetracycline,Acitretin,reported,ndf-rt+openfda(a_in_b_label)
Zinc Oxide,Heparin,severe,ndf-rt+openfda(b_in_a_label)
Zinc Oxide,Methotrexate,moderate,ndf-rt+openfda(b_in_a_label)
Zinc Oxide,Warfarin,severe,ndf-rt+openfda(b_in_a_label)
Calcium Carbonate,Levothyroxine,moderate,ndf-rt+openfda(a_in_b_label)
Calcium Carbonate,Rilpivirine,severe,ndf-rt+openfda(a_in_b_label)
Vitamin A,Isotretinoin,moderate,ndf-rt+openfda(a_in_b_label)
Vitamin A,Acitretin,severe,ndf-rt+openfda(a_in_b_label)
Iodine,Metformin,moderate,ndf-rt+openfda(b_in_a_label)
Nicotinic Acid,Lovastatin,moderate,ndf-rt+openfda(a_in_b_label)
Nicotinic Acid,Pravastatin,moderate,ndf-rt+openfda(a_in_b_label)
Potassium,Spironolactone,moderate,ndf-rt+openfda(a_in_b_label)
Potassium,Triamterene,severe,ndf-rt+openfda(a_in_b_label)
Potassium,Sodium Polystyrene Sulfonate,severe,ndf-rt+openfda(a_in_b_label)
Potassium,Hyoscyamine,severe,ndf-rt+openfda(a_in_b_label)
Potassium,Glycopyrrolate,severe,ndf-rt+openfda(a_in_b_label)
Potassium,Lisinopril,moderate,ndf-rt+openfda(a_in_b_label)
Potassium,Enalaprilat,moderate,ndf-rt+openfda(a_in_b_label)
Potassium,Ramipril,moderate,ndf-rt+openfda(a_in_b_label)
Potassium,Amiloride,moderate,ndf-rt+openfda(a_in_b_label)
Potassium,Enalapril,moderate,ndf-rt+openfda(a_in_b_label)
Potassium,Fosinopril,moderate,ndf-rt+openfda(a_in_b_label)
Potassium,Quinapril,moderate,ndf-rt+openfda(a_in_b_label)
Potassium,Benazepril,moderate,ndf-rt+openfda(a_in_b_label)
Potassium,Losartan,moderate,ndf-rt+openfda(a_in_b_label)
Potassium,Trandolapril,reported,ndf-rt+openfda(a_in_b_label)
Potassium,Valsartan,moderate,ndf-rt+openfda(a_in_b_label)
Potassium,Irbesartan,moderate,ndf-rt+openfda(a_in_b_label)
Potassium,Telmisartan,moderate,ndf-rt+openfda(a_in_b_label)
Potassium,Candesartan,moderate,ndf-rt+openfda(a_in_b_label)
Potassium,Perindopril,moderate,ndf-rt+openfda(a_in_b_label)
Potassium,Eplerenone,moderate,ndf-rt+openfda(a_in_b_label)
Potassium,Moexipril,reported,ndf-rt+openfda(a_in_b_label)
Potassium,Aliskiren,moderate,ndf-rt+openfda(b_in_a_label)
Chlorothiazide,Lithium,moderate,ndf-rt+openfda(a_in_b_label)
Hydroxyurea,Didanosine,severe,ndf-rt+openfda(b_in_a_label)
Sulfamethoxazole,Trimethoprim,severe,ndf-rt+openfda(a_in_b_label)
Sulfamethoxazole,Phenytoin,reported,ndf-rt+openfda(a_in_b_label)
Sulfamethoxazole,Glyburide,moderate,ndf-rt+openfda(b_in_a_label)
Sulfamethoxazole,Glipizide,moderate,ndf-rt+openfda(b_in_a_label)
Sulfamethoxazole,Cyclosporine,reported,ndf-rt+openfda(a_in_b_label)
Sulfamethoxazole,Methotrexate,moderate,ndf-rt+openfda(a_in_b_label)
Sulfamethoxazole,Warfarin,moderate,ndf-rt+openfda(b_in_a_label)
Sulfamethoxazole,Dofetilide,severe,ndf-rt+openfda(a_in_b_label)
Sulfamethoxazole,Fosphenytoin,reported,ndf-rt+openfda(a_in_b_label)
Trimethoprim,Phenytoin,moderate,ndf-rt+openfda(a_in_b_label)
Trimethoprim,Spironolactone,moderate,ndf-rt+openfda(a_in_b_label)
Trimethoprim,Cyclosporine,reported,ndf-rt+openfda(a_in_b_label)
Trimethoprim,Methotrexate,moderate,ndf-rt+openfda(a_in_b_label)
Trimethoprim,Procainamide,moderate,ndf-rt+openfda(b_in_a_label)
Trimethoprim,Dofetilide,severe,ndf-rt+openfda(a_in_b_label)
Trimethoprim,Fosphenytoin,moderate,ndf-rt+openfda(a_in_b_label)
Mannitol,Tobramycin,severe,ndf-rt+openfda(a_in_b_label)
Doxycycline,Isotretinoin,reported,ndf-rt+openfda(b_in_a_label)
Doxycycline,Phenytoin,reported,ndf-rt+openfda(a_in_b_label)
Doxycycline,Rifampin,reported,ndf-rt+openfda(a_in_b_label)
Doxycycline,Acitretin,reported,ndf-rt+openfda(b_in_a_label)
Doxycycline,Fosphenytoin,reported,ndf-rt+openfda(a_in_b_label)
Iopamidol,Metformin,moderate,ndf-rt+openfda(b_in_a_label)
"Tuberculin,Purified Protein Derivative",Varicella,reported,ndf-rt+openfda(b_in_a_label)
Phytonadione,Warfarin,moderate,ndf-rt+openfda(b_in_a_label)
Isocarboxazid,Levodopa,reported,ndf-rt+openfda(b_in_a_label)
Isocarboxazid,Carbamazepine,reported,ndf-rt+openfda(b_in_a_label)
Isocarboxazid,Methyldopa,reported,ndf-rt+openfda(b_in_a_label)
Isocarboxazid,Amoxapine,reported,ndf-rt+openfda(b_in_a_label)
Isocarboxazid,Epinephrine,reported,ndf-rt+openfda(b_in_a_label)
Isocarboxazid,Dextromethorphan,reported,ndf-rt+openfda(b_in_a_label)
Isocarboxazid,Phenylalanine,reported,ndf-rt+openfda(b_in_a_label)
Isocarboxazid,Tryptophan,reported,ndf-rt+openfda(b_in_a_label)
Isocarboxazid,Tyrosine,reported,ndf-rt+openfda(b_in_a_label)
Isocarboxazid,Amitriptyline,reported,ndf-rt+openfda(b_in_a_label)
Isocarboxazid,Amphetamine,severe,ndf-rt+openfda(a_in_b_label)
Isocarboxazid,Bupropion,severe,ndf-rt+openfda(b_in_a_label)
Isocarboxazid,Buspirone,reported,ndf-rt+openfda(b_in_a_label)
Isocarboxazid,Clomipramine,reported,ndf-rt+openfda(b_in_a_label)
Isocarboxazid,Cocaine,reported,ndf-rt+openfda(b_in_a_label)
Isocarboxazid,Cyclobenzaprine,reported,ndf-rt+openfda(b_in_a_label)
Isocarboxazid,Desipramine,reported,ndf-rt+openfda(b_in_a_label)
Isocarboxazid,Dopamine,moderate,ndf-rt+openfda(a_in_b_label)
Isocarboxazid,Doxepin,reported,ndf-rt+openfda(b_in_a_label)
Isocarboxazid,Fluoxetine,reported,ndf-rt+openfda(b_in_a_label)
Isocarboxazid,Imipramine,reported,ndf-rt+openfda(b_in_a_label)
Isocarboxazid,Maprotiline,severe,ndf-rt+openfda(b_in_a_label)
Isocarboxazid,Meperidine,severe,ndf-rt+openfda(b_in_a_label)
Isocarboxazid,Methylphenidate,severe,ndf-rt+openfda(a_in_b_label)
Isocarboxazid,Norepinephrine,reported,ndf-rt+openfda(b_in_a_label)
Isocarboxazid,Nortriptyline,reported,ndf-rt+openfda(b_in_a_label)
Isocarboxazid,Procarbazine,reported,ndf-rt+openfda(b_in_a_label)
Isocarboxazid,Trazodone,severe,ndf-rt+openfda(a_in_b_label)
Isocarboxazid,Trimipramine,severe,ndf-rt+openfda(b_in_a_label)
Isocarboxazid,Dextroamphetamine,severe,ndf-rt+openfda(a_in_b_label)
Isocarboxazid,Sertraline,severe,ndf-rt+openfda(a_in_b_label)
Isocarboxazid,Paroxetine,severe,ndf-rt+openfda(a_in_b_label)
Isocarboxazid,Mirtazapine,severe,ndf-rt+openfda(a_in_b_label)
Isocarboxazid,Rizatriptan,moderate,ndf-rt+openfda(a_in_b_label)
Isocarboxazid,Citalopram,moderate,ndf-rt+openfda(b_in_a_label)
Isocarboxazid,Linezolid,severe,ndf-rt+openfda(a_in_b_label)
Isocarboxazid,Dexmethylphenidate,severe,ndf-rt+openfda(a_in_b_label)
Isocarboxazid,Duloxetine,severe,ndf-rt+openfda(a_in_b_label)
Isocarboxazid,Venlafaxine,moderate,ndf-rt+openfda(b_in_a_label)
Isocarboxazid,Fluvoxamine,moderate,ndf-rt+openfda(b_in_a_label)
Isocarboxazid,Dexfenfluramine,moderate,ndf-rt+openfda(b_in_a_label)
Isocarboxazid,Desvenlafaxine,severe,ndf-rt+openfda(a_in_b_label)
Levodopa,Haloperidol,severe,ndf-rt+openfda(a_in_b_label)
Levodopa,Bupropion,moderate,ndf-rt+openfda(a_in_b_label)
Levodopa,Selegiline,severe,ndf-rt+openfda(b_in_a_label)
Levodopa,Tranylcypromine,severe,ndf-rt+openfda(a_in_b_label)
Levodopa,Risperidone,moderate,ndf-rt+openfda(a_in_b_label)
Levodopa,Olanzapine,moderate,ndf-rt+openfda(a_in_b_label)
Levodopa,Linezolid,severe,ndf-rt+openfda(b_in_a_label)
Levodopa,Tetrabenazine,severe,ndf-rt+openfda(b_in_a_label)
Clonazepam,Fluoxetine,reported,ndf-rt+openfda(b_in_a_label)
Clonazepam,Ritonavir,moderate,ndf-rt+openfda(a_in_b_label)
Bumetanide,Digoxin,severe,ndf-rt+openfda(b_in_a_label)
Bumetanide,Digitalis,reported,ndf-rt+openfda(b_in_a_label)
Bumetanide,Lithium,reported,ndf-rt+openfda(b_in_a_label)
Diazepam,Phenytoin,reported,ndf-rt+openfda(a_in_b_label)
Diazepam,Rifampin,severe,ndf-rt+openfda(a_in_b_label)
Diazepam,Ketoconazole,moderate,ndf-rt+openfda(b_in_a_label)
Diazepam,Fluoxetine,moderate,ndf-rt+openfda(a_in_b_label)
Diazepam,Itraconazole,moderate,ndf-rt+openfda(a_in_b_label)
Diazepam,Rifabutin,moderate,ndf-rt+openfda(a_in_b_label)
Diazepam,Ritonavir,severe,ndf-rt+openfda(a_in_b_label)
Diazepam,Rifapentine,reported,ndf-rt+openfda(a_in_b_label)
Diazepam,Troleandomycin,moderate,ndf-rt+openfda(b_in_a_label)
Diazepam,Fluvoxamine,severe,ndf-rt+openfda(a_in_b_label)
Diazepam,Etravirine,moderate,ndf-rt+openfda(a_in_b_label)
Isotretinoin,Norethindrone,moderate,ndf-rt+openfda(b_in_a_label)
Isotretinoin,Minocycline,reported,ndf-rt+openfda(a_in_b_label)
Fluorouracil,Metronidazole,moderate,ndf-rt+openfda(a_in_b_label)
Fluorouracil,Phenytoin,moderate,ndf-rt+openfda(a_in_b_label)
Fluorouracil,Warfarin,moderate,ndf-rt+openfda(b_in_a_label)
Fluorouracil,Tinidazole,moderate,ndf-rt+openfda(a_in_b_label)
Fluorouracil,Fosphenytoin,moderate,ndf-rt+openfda(a_in_b_label)
Sodium Nitroprusside,Vardenafil,reported,ndf-rt+openfda(b_in_a_label)
Sodium Nitroprusside,Tadalafil,reported,ndf-rt+openfda(b_in_a_label)
Sodium Nitroprusside,Sildenafil,reported,ndf-rt+openfda(b_in_a_label)
Isosorbide Dinitrate,Vardenafil,severe,ndf-rt+openfda(b_in_a_label)
Isosorbide Dinitrate,Tadalafil,severe,ndf-rt+openfda(b_in_a_label)
Isosorbide Dinitrate,Sildenafil,severe,ndf-rt+openfda(b_in_a_label)
Furosemide,Tobramycin,severe,ndf-rt+openfda(a_in_b_label)
Furosemide,Ramipril,reported,ndf-rt+openfda(a_in_b_label)
Furosemide,Amikacin,severe,ndf-rt+openfda(a_in_b_label)
Furosemide,Gentamicin Sulfate,moderate,ndf-rt+openfda(a_in_b_label)
Furosemide,Lithium,moderate,ndf-rt+openfda(a_in_b_label)
Furosemide,Streptomycin,severe,ndf-rt+openfda(a_in_b_label)
Furosemide,Benazepril,reported,ndf-rt+openfda(a_in_b_label)
Furosemide,Aliskiren,severe,ndf-rt+openfda(a_in_b_label)
Metronidazole,Carbamazepine,moderate,ndf-rt+openfda(b_in_a_label)
Metronidazole,Theophylline,moderate,ndf-rt+openfda(a_in_b_label)
Metronidazole,Disulfiram,severe,ndf-rt+openfda(a_in_b_label)
Metronidazole,Cyclosporine,moderate,ndf-rt+openfda(b_in_a_label)
Metronidazole,Busulfan,moderate,ndf-rt+openfda(a_in_b_label)
Metronidazole,Mebendazole,severe,ndf-rt+openfda(a_in_b_label)
Metronidazole,Warfarin,moderate,ndf-rt+openfda(a_in_b_label)
Ibuprofen,Lysine,severe,ndf-rt+openfda(a_in_b_label)
Ibuprofen,Fluconazole,reported,ndf-rt+openfda(a_in_b_label)
Ibuprofen,Ketorolac Tromethamine,reported,ndf-rt+openfda(a_in_b_label)
Ibuprofen,Lithium,moderate,ndf-rt+openfda(a_in_b_label)
Ibuprofen,Methotrexate,moderate,ndf-rt+openfda(b_in_a_label)
Ibuprofen,Warfarin,reported,ndf-rt+openfda(a_in_b_label)
Ibuprofen,Voriconazole,moderate,ndf-rt+openfda(a_in_b_label)
Ibuprofen,Pemetrexed,moderate,ndf-rt+openfda(a_in_b_label)
Phenylephrine,Cyclobenzaprine,moderate,ndf-rt+openfda(b_in_a_label)
Phenylephrine,Selegiline,severe,ndf-rt+openfda(a_in_b_label)
Phenylephrine,Tranylcypromine,severe,ndf-rt+openfda(a_in_b_label)
Lorazepam,Clozapine,severe,ndf-rt+openfda(b_in_a_label)
Clonidine,Atenolol,reported,ndf-rt+openfda(a_in_b_label)
Clonidine,Amitriptyline,reported,ndf-rt+openfda(b_in_a_label)
Clonidine,Betaxolol,moderate,ndf-rt+openfda(a_in_b_label)
Clonidine,Clomipramine,moderate,ndf-rt+openfda(a_in_b_label)
Clonidine,Esmolol,reported,ndf-rt+openfda(a_in_b_label)
Clonidine,Imipramine,reported,ndf-rt+openfda(a_in_b_label)
Clonidine,Metoprolol,reported,ndf-rt+openfda(a_in_b_label)
Clonidine,Propranolol,reported,ndf-rt+openfda(a_in_b_label)
Clonidine,Timolol,reported,ndf-rt+openfda(a_in_b_label)
Clonidine,Sotalol,moderate,ndf-rt+openfda(a_in_b_label)
Clonidine,Carvedilol,moderate,ndf-rt+openfda(a_in_b_label)
Clonidine,Bisoprolol,moderate,ndf-rt+openfda(a_in_b_label)
Clonidine,Nebivolol,moderate,ndf-rt+openfda(a_in_b_label)
Phenytoin,Carbamazepine,reported,ndf-rt+openfda(a_in_b_label)
Phenytoin,Dexamethasone,moderate,ndf-rt+openfda(a_in_b_label)
Phenytoin,Ethinyl Estradiol,moderate,ndf-rt+openfda(a_in_b_label)
Phenytoin,Norgestrel,moderate,ndf-rt+openfda(a_in_b_label)
Phenytoin,Levonorgestrel,moderate,ndf-rt+openfda(a_in_b_label)
Phenytoin,Aminophylline,reported,ndf-rt+openfda(a_in_b_label)
Phenytoin,Haloperidol,reported,ndf-rt+openfda(a_in_b_label)
Phenytoin,Theophylline,reported,ndf-rt+openfda(a_in_b_label)
Phenytoin,Hydrocodone,reported,ndf-rt+openfda(a_in_b_label)
Phenytoin,Chloramphenicol,moderate,ndf-rt+openfda(b_in_a_label)
Phenytoin,Praziquantel,reported,ndf-rt+openfda(b_in_a_label)
Phenytoin,Nifedipine,reported,ndf-rt+openfda(a_in_b_label)
Phenytoin,Estrogens,reported,ndf-rt+openfda(a_in_b_label)
Phenytoin,Disulfiram,moderate,ndf-rt+openfda(a_in_b_label)
Phenytoin,Norethindrone,moderate,ndf-rt+openfda(a_in_b_label)
Phenytoin,Miconazole,severe,ndf-rt+openfda(a_in_b_label)
Phenytoin,Rifampin,reported,ndf-rt+openfda(a_in_b_label)
Phenytoin,Valproic Acid,moderate,ndf-rt+openfda(a_in_b_label)
Phenytoin,Valproate Sodium,moderate,ndf-rt+openfda(a_in_b_label)
Phenytoin,Fentanyl,reported,ndf-rt+openfda(a_in_b_label)
Phenytoin,Cyclosporine,reported,ndf-rt+openfda(a_in_b_label)
Phenytoin,Sucralfate,reported,ndf-rt+openfda(a_in_b_label)
Phenytoin,Cimetidine,moderate,ndf-rt+openfda(a_in_b_label)
Phenytoin,Ketoconazole,severe,ndf-rt+openfda(a_in_b_label)
Phenytoin,Ciprofloxacin,severe,ndf-rt+openfda(a_in_b_label)
Phenytoin,Nimodipine,moderate,ndf-rt+openfda(a_in_b_label)
Phenytoin,Omeprazole,moderate,ndf-rt+openfda(a_in_b_label)
Phenytoin,Clozapine,severe,ndf-rt+openfda(a_in_b_label)
Phenytoin,Fluconazole,moderate,ndf-rt+openfda(a_in_b_label)
Phenytoin,Amiodarone,severe,ndf-rt+openfda(a_in_b_label)
Phenytoin,Buprenorphine,moderate,ndf-rt+openfda(a_in_b_label)
Phenytoin,Dopamine,reported,ndf-rt+openfda(a_in_b_label)
Phenytoin,Doxorubicin,moderate,ndf-rt+openfda(a_in_b_label)
Phenytoin,Fluoxetine,reported,ndf-rt+openfda(a_in_b_label)
Phenytoin,Guanfacine,moderate,ndf-rt+openfda(a_in_b_label)
Phenytoin,Methadone,moderate,ndf-rt+openfda(a_in_b_label)
Phenytoin,Mexiletine,moderate,ndf-rt+openfda(a_in_b_label)
Phenytoin,Oxycodone,severe,ndf-rt+openfda(a_in_b_label)
Phenytoin,Vincristine,moderate,ndf-rt+openfda(a_in_b_label)
Phenytoin,Warfarin,reported,ndf-rt+openfda(a_in_b_label)
Phenytoin,Clarithromycin,moderate,ndf-rt+openfda(a_in_b_label)
Phenytoin,Felodipine,reported,ndf-rt+openfda(a_in_b_label)
Phenytoin,Ticlopidine,moderate,ndf-rt+openfda(b_in_a_label)
Phenytoin,Itraconazole,severe,ndf-rt+openfda(a_in_b_label)
Phenytoin,Teniposide,severe,ndf-rt+openfda(b_in_a_label)
Phenytoin,Paclitaxel,severe,ndf-rt+openfda(b_in_a_label)
Phenytoin,Felbamate,moderate,ndf-rt+openfda(a_in_b_label)
Phenytoin,Risperidone,reported,ndf-rt+openfda(a_in_b_label)
Phenytoin,Tacrolimus,moderate,ndf-rt+openfda(a_in_b_label)
Phenytoin,Saquinavir,moderate,ndf-rt+openfda(b_in_a_label)
Phenytoin,Nisoldipine,reported,ndf-rt+openfda(a_in_b_label)
Phenytoin,Ritonavir,moderate,ndf-rt+openfda(a_in_b_label)
Phenytoin,Acitretin,severe,ndf-rt+openfda(a_in_b_label)
Phenytoin,Capecitabine,moderate,ndf-rt+openfda(a_in_b_label)
Phenytoin,Efavirenz,moderate,ndf-rt+openfda(a_in_b_label)
Phenytoin,Sirolimus,moderate,ndf-rt+openfda(a_in_b_label)
Phenytoin,Exemestane,reported,ndf-rt+openfda(a_in_b_label)
Phenytoin,Oxcarbazepine,moderate,ndf-rt+openfda(a_in_b_label)
Phenytoin,Dofetilide,reported,ndf-rt+openfda(a_in_b_label)
Phenytoin,Mifepristone,reported,ndf-rt+openfda(a_in_b_label)
Phenytoin,Imatinib,reported,ndf-rt+openfda(a_in_b_label)
Phenytoin,Etonogestrel,moderate,ndf-rt+openfda(a_in_b_label)
Phenytoin,Voriconazole,severe,ndf-rt+openfda(a_in_b_label)
Phenytoin,Aprepitant,severe,ndf-rt+openfda(a_in_b_label)
Phenytoin,Gefitinib,reported,ndf-rt+openfda(a_in_b_label)
Phenytoin,Erlotinib,reported,ndf-rt+openfda(a_in_b_label)
Phenytoin,Fluvastatin,moderate,ndf-rt+openfda(a_in_b_label)
Phenytoin,Fluvoxamine,moderate,ndf-rt+openfda(a_in_b_label)
Phenytoin,Irinotecan,reported,ndf-rt+openfda(a_in_b_label)
Phenytoin,Nelfinavir,moderate,ndf-rt+openfda(a_in_b_label)
Phenytoin,Delavirdine,moderate,ndf-rt+openfda(b_in_a_label)
Phenytoin,Quetiapine,reported,ndf-rt+openfda(a_in_b_label)
Phenytoin,Toremifene,moderate,ndf-rt+openfda(a_in_b_label)
Phenytoin,Atazanavir,severe,ndf-rt+openfda(a_in_b_label)
Phenytoin,Deferasirox,reported,ndf-rt+openfda(a_in_b_label)
Phenytoin,Ranolazine,severe,ndf-rt+openfda(a_in_b_label)
Phenytoin,Rufinamide,reported,ndf-rt+openfda(a_in_b_label)
Phenytoin,Darunavir,moderate,ndf-rt+openfda(a_in_b_label)
Phenytoin,Posaconazole,moderate,ndf-rt+openfda(a_in_b_label)
Phenytoin,Raltegravir,severe,ndf-rt+openfda(a_in_b_label)
Phenytoin,Etravirine,severe,ndf-rt+openfda(a_in_b_label)
Phenytoin,Everolimus,moderate,ndf-rt+openfda(a_in_b_label)
Phenytoin,Dronedarone,reported,ndf-rt+openfda(a_in_b_label)
Phenytoin,Ulipristal,moderate,ndf-rt+openfda(a_in_b_label)
Phenytoin,Lurasidone,severe,ndf-rt+openfda(a_in_b_label)
Phenytoin,Roflumilast,severe,ndf-rt+openfda(a_in_b_label)
Phenytoin,Linagliptin,moderate,ndf-rt+openfda(a_in_b_label)
Phenytoin,Rilpivirine,severe,ndf-rt+openfda(a_in_b_label)
Phenytoin,Rivaroxaban,moderate,ndf-rt+openfda(a_in_b_label)
Phenytoin,Ticagrelor,reported,ndf-rt+openfda(a_in_b_label)
Phenytoin,Axitinib,reported,ndf-rt+openfda(a_in_b_label)
Phenytoin,Ivacaftor,severe,ndf-rt+openfda(a_in_b_label)
Chlorpromazine,Haloperidol,reported,ndf-rt+openfda(a_in_b_label)
Chlorpromazine,Lithium,moderate,ndf-rt+openfda(a_in_b_label)
Chlorpromazine,Meperidine,severe,ndf-rt+openfda(a_in_b_label)
Chlorpromazine,Methadone,moderate,ndf-rt+openfda(a_in_b_label)
Chlorpromazine,Citalopram,reported,ndf-rt+openfda(a_in_b_label)
Chlorpromazine,Ziprasidone,reported,ndf-rt+openfda(a_in_b_label)
Chlorpromazine,Tetrabenazine,reported,ndf-rt+openfda(a_in_b_label)
Sorbitol,Sodium Polystyrene Sulfonate,severe,ndf-rt+openfda(a_in_b_label)
Probenecid,Ketorolac Tromethamine,severe,ndf-rt+openfda(a_in_b_label)
Probenecid,Methotrexate,moderate,ndf-rt+openfda(a_in_b_label)
Probenecid,Meropenem,severe,ndf-rt+openfda(a_in_b_label)
Probenecid,Pralatrexate,moderate,ndf-rt+openfda(a_in_b_label)
Carbamazepine,Ethinyl Estradiol,moderate,ndf-rt+openfda(a_in_b_label)
Carbamazepine,Norgestrel,moderate,ndf-rt+openfda(a_in_b_label)
Carbamazepine,Levonorgestrel,moderate,ndf-rt+openfda(a_in_b_label)
Carbamazepine,Aminophylline,reported,ndf-rt+openfda(a_in_b_label)
Carbamazepine,Haloperidol,reported,ndf-rt+openfda(a_in_b_label)
Carbamazepine,Theophylline,moderate,ndf-rt+openfda(a_in_b_label)
Carbamazepine,Hydrocodone,reported,ndf-rt+openfda(a_in_b_label)
Carbamazepine,Danazol,moderate,ndf-rt+openfda(a_in_b_label)
Carbamazepine,Praziquantel,reported,ndf-rt+openfda(b_in_a_label)
Carbamazepine,Nifedipine,severe,ndf-rt+openfda(a_in_b_label)
Carbamazepine,Estrogens,moderate,ndf-rt+openfda(a_in_b_label)
Carbamazepine,Norethindrone,moderate,ndf-rt+openfda(a_in_b_label)
Carbamazepine,Phenelzine Sulfate,moderate,ndf-rt+openfda(a_in_b_label)
Carbamazepine,Dicumarol,reported,ndf-rt+openfda(b_in_a_label)
Carbamazepine,Fentanyl,reported,ndf-rt+openfda(a_in_b_label)
Carbamazepine,Cyclosporine,reported,ndf-rt+openfda(a_in_b_label)
Carbamazepine,Ketoconazole,severe,ndf-rt+openfda(a_in_b_label)
Carbamazepine,Nimodipine,moderate,ndf-rt+openfda(a_in_b_label)
Carbamazepine,Clozapine,severe,ndf-rt+openfda(a_in_b_label)
Carbamazepine,Fluconazole,moderate,ndf-rt+openfda(a_in_b_label)
Carbamazepine,Adenosine,reported,ndf-rt+openfda(a_in_b_label)
Carbamazepine,Amitriptyline,severe,ndf-rt+openfda(b_in_a_label)
Carbamazepine,Buprenorphine,moderate,ndf-rt+openfda(a_in_b_label)
Carbamazepine,Bupropion,moderate,ndf-rt+openfda(a_in_b_label)
Carbamazepine,Clomipramine,reported,ndf-rt+openfda(b_in_a_label)
Carbamazepine,Desipramine,severe,ndf-rt+openfda(b_in_a_label)
Carbamazepine,Diltiazem,moderate,ndf-rt+openfda(a_in_b_label)
Carbamazepine,Doxepin,moderate,ndf-rt+openfda(a_in_b_label)
Carbamazepine,Doxorubicin,reported,ndf-rt+openfda(b_in_a_label)
Carbamazepine,Imipramine,severe,ndf-rt+openfda(b_in_a_label)
Carbamazepine,Medroxyprogesterone,moderate,ndf-rt+openfda(a_in_b_label)
Carbamazepine,Methadone,moderate,ndf-rt+openfda(a_in_b_label)
Carbamazepine,Nortriptyline,severe,ndf-rt+openfda(b_in_a_label)
Carbamazepine,Oxycodone,severe,ndf-rt+openfda(a_in_b_label)
Carbamazepine,Propoxyphene,reported,ndf-rt+openfda(b_in_a_label)
Carbamazepine,Protriptyline,severe,ndf-rt+openfda(b_in_a_label)
Carbamazepine,Selegiline,moderate,ndf-rt+openfda(a_in_b_label)
Carbamazepine,Tranylcypromine,severe,ndf-rt+openfda(a_in_b_label)
Carbamazepine,Verapamil,moderate,ndf-rt+openfda(a_in_b_label)
Carbamazepine,Warfarin,reported,ndf-rt+openfda(a_in_b_label)
Carbamazepine,Clarithromycin,moderate,ndf-rt+openfda(a_in_b_label)
Carbamazepine,Felodipine,reported,ndf-rt+openfda(a_in_b_label)
Carbamazepine,Ticlopidine,reported,ndf-rt+openfda(b_in_a_label)
Carbamazepine,Itraconazole,severe,ndf-rt+openfda(a_in_b_label)
Carbamazepine,Paclitaxel,moderate,ndf-rt+openfda(a_in_b_label)
Carbamazepine,Felbamate,moderate,ndf-rt+openfda(a_in_b_label)
Carbamazepine,Risperidone,moderate,ndf-rt+openfda(a_in_b_label)
Carbamazepine,Tacrolimus,moderate,ndf-rt+openfda(a_in_b_label)
Carbamazepine,Nefazodone,moderate,ndf-rt+openfda(a_in_b_label)
Carbamazepine,Lamotrigine,moderate,ndf-rt+openfda(a_in_b_label)
Carbamazepine,Ritonavir,moderate,ndf-rt+openfda(a_in_b_label)
Carbamazepine,Citalopram,reported,ndf-rt+openfda(a_in_b_label)
Carbamazepine,Efavirenz,severe,ndf-rt+openfda(a_in_b_label)
Carbamazepine,Sirolimus,moderate,ndf-rt+openfda(a_in_b_label)
Carbamazepine,Exemestane,reported,ndf-rt+openfda(a_in_b_label)
Carbamazepine,Ziprasidone,severe,ndf-rt+openfda(a_in_b_label)
Carbamazepine,Imatinib,reported,ndf-rt+openfda(a_in_b_label)
Carbamazepine,Etonogestrel,moderate,ndf-rt+openfda(a_in_b_label)
Carbamazepine,Voriconazole,severe,ndf-rt+openfda(a_in_b_label)
Carbamazepine,Aripiprazole,reported,ndf-rt+openfda(a_in_b_label)
Carbamazepine,Aprepitant,severe,ndf-rt+openfda(a_in_b_label)
Carbamazepine,Fosamprenavir,severe,ndf-rt+openfda(a_in_b_label)
Carbamazepine,Erlotinib,reported,ndf-rt+openfda(a_in_b_label)
Carbamazepine,Troleandomycin,reported,ndf-rt+openfda(b_in_a_label)
Carbamazepine,Tramadol,reported,ndf-rt+openfda(a_in_b_label)
Carbamazepine,Irinotecan,reported,ndf-rt+openfda(a_in_b_label)
Carbamazepine,Fosphenytoin,moderate,ndf-rt+openfda(a_in_b_label)
Carbamazepine,Nelfinavir,moderate,ndf-rt+openfda(a_in_b_label)
Carbamazepine,Delavirdine,reported,ndf-rt+openfda(b_in_a_label)
Carbamazepine,Quetiapine,moderate,ndf-rt+openfda(a_in_b_label)
Carbamazepine,Toremifene,moderate,ndf-rt+openfda(a_in_b_label)
Carbamazepine,Atazanavir,severe,ndf-rt+openfda(a_in_b_label)
Carbamazepine,Ranolazine,severe,ndf-rt+openfda(a_in_b_label)
Carbamazepine,Darunavir,moderate,ndf-rt+openfda(a_in_b_label)
Carbamazepine,Paliperidone,reported,ndf-rt+openfda(a_in_b_label)
Carbamazepine,Lapatinib,moderate,ndf-rt+openfda(a_in_b_label)
Carbamazepine,Temsirolimus,moderate,ndf-rt+openfda(b_in_a_label)
Carbamazepine,Etravirine,severe,ndf-rt+openfda(a_in_b_label)
Carbamazepine,Fesoterodine,moderate,ndf-rt+openfda(a_in_b_label)
Carbamazepine,Everolimus,moderate,ndf-rt+openfda(a_in_b_label)
Carbamazepine,Dronedarone,reported,ndf-rt+openfda(a_in_b_label)
Carbamazepine,Ulipristal,moderate,ndf-rt+openfda(a_in_b_label)
Carbamazepine,Lurasidone,severe,ndf-rt+openfda(a_in_b_label)
Carbamazepine,Roflumilast,severe,ndf-rt+openfda(a_in_b_label)
Carbamazepine,Rilpivirine,severe,ndf-rt+openfda(a_in_b_label)
Carbamazepine,Rivaroxaban,moderate,ndf-rt+openfda(a_in_b_label)
Carbamazepine,Ticagrelor,reported,ndf-rt+openfda(a_in_b_label)
Carbamazepine,Axitinib,reported,ndf-rt+openfda(a_in_b_label)
Carbamazepine,Ivacaftor,severe,ndf-rt+openfda(a_in_b_label)
Prednisone,Rifampin,moderate,ndf-rt+openfda(b_in_a_label)
Prednisone,Ciprofloxacin,reported,ndf-rt+openfda(b_in_a_label)
Prednisone,Neostigmine,moderate,ndf-rt+openfda(b_in_a_label)
Prednisone,Pyridostigmine,moderate,ndf-rt+openfda(b_in_a_label)
Prednisone,Warfarin,reported,ndf-rt+openfda(a_in_b_label)
Prednisone,Ritonavir,moderate,ndf-rt+openfda(a_in_b_label)
Prednisone,Levofloxacin,reported,ndf-rt+openfda(b_in_a_label)
Prednisone,Rifapentine,reported,ndf-rt+openfda(a_in_b_label)
Prednisone,Quetiapine,reported,ndf-rt+openfda(b_in_a_label)
Spironolactone,Triamterene,reported,ndf-rt+openfda(a_in_b_label)
Spironolactone,Mitotane,moderate,ndf-rt+openfda(a_in_b_label)
Spironolactone,Lisinopril,moderate,ndf-rt+openfda(a_in_b_label)
Spironolactone,Enalaprilat,moderate,ndf-rt+openfda(a_in_b_label)
Spironolactone,Ramipril,moderate,ndf-rt+openfda(a_in_b_label)
Spironolactone,Amiloride,severe,ndf-rt+openfda(a_in_b_label)
Spironolactone,Enalapril,reported,ndf-rt+openfda(a_in_b_label)
Spironolactone,Fosinopril,moderate,ndf-rt+openfda(a_in_b_label)
Spironolactone,Quinapril,moderate,ndf-rt+openfda(a_in_b_label)
Spironolactone,Benazepril,moderate,ndf-rt+openfda(a_in_b_label)
Spironolactone,Tacrolimus,severe,ndf-rt+openfda(b_in_a_label)
Spironolactone,Losartan,moderate,ndf-rt+openfda(a_in_b_label)
Spironolactone,Trandolapril,reported,ndf-rt+openfda(a_in_b_label)
Spironolactone,Valsartan,moderate,ndf-rt+openfda(a_in_b_label)
Spironolactone,Perindopril,moderate,ndf-rt+openfda(a_in_b_label)
Spironolactone,Moexipril,moderate,ndf-rt+openfda(a_in_b_label)
Dipyridamole,Adenosine,reported,ndf-rt+openfda(a_in_b_label)
Dipyridamole,Regadenoson,moderate,ndf-rt+openfda(a_in_b_label)
Chlorthalidone,Digitalis,moderate,ndf-rt+openfda(b_in_a_label)
Chlorthalidone,Lithium,moderate,ndf-rt+openfda(b_in_a_label)
Tolbutamide,Fluconazole,severe,ndf-rt+openfda(a_in_b_label)
Tolbutamide,Acebutolol,severe,ndf-rt+openfda(a_in_b_label)
Tolbutamide,Propranolol,moderate,ndf-rt+openfda(a_in_b_label)
Indomethacin,Diflunisal,severe,ndf-rt+openfda(a_in_b_label)
Indomethacin,Atenolol,moderate,ndf-rt+openfda(a_in_b_label)
Indomethacin,Enalaprilat,reported,ndf-rt+openfda(a_in_b_label)
Indomethacin,Ketorolac Tromethamine,moderate,ndf-rt+openfda(a_in_b_label)
Indomethacin,Ramipril,reported,ndf-rt+openfda(a_in_b_label)
Indomethacin,Enalapril,moderate,ndf-rt+openfda(a_in_b_label)
Indomethacin,Lithium,moderate,ndf-rt+openfda(a_in_b_label)
Indomethacin,Methotrexate,moderate,ndf-rt+openfda(b_in_a_label)
Indomethacin,Propranolol,moderate,ndf-rt+openfda(a_in_b_label)
Indomethacin,Warfarin,reported,ndf-rt+openfda(a_in_b_label)
Indomethacin,Losartan,moderate,ndf-rt+openfda(b_in_a_label)
Indomethacin,Valsartan,moderate,ndf-rt+openfda(a_in_b_label)
Indomethacin,Pemetrexed,severe,ndf-rt+openfda(b_in_a_label)
Allopurinol,Aminophylline,reported,ndf-rt+openfda(a_in_b_label)
Allopurinol,Theophylline,reported,ndf-rt+openfda(a_in_b_label)
Allopurinol,Azathioprine,moderate,ndf-rt+openfda(a_in_b_label)
Allopurinol,Mercaptopurine,moderate,ndf-rt+openfda(a_in_b_label)
Allopurinol,Warfarin,reported,ndf-rt+openfda(a_in_b_label)
Methyldopa,Phenelzine Sulfate,reported,ndf-rt+openfda(a_in_b_label)
Methyldopa,Tranylcypromine,severe,ndf-rt+openfda(a_in_b_label)
Sulfasalazine,Mercaptopurine,moderate,ndf-rt+openfda(a_in_b_label)
Sulfasalazine,Methotrexate,moderate,ndf-rt+openfda(a_in_b_label)
Acetazolamide,Lithium,moderate,ndf-rt+openfda(a_in_b_label)
Acetazolamide,Topiramate,moderate,ndf-rt+openfda(a_in_b_label)
Triamterene,Lisinopril,moderate,ndf-rt+openfda(a_in_b_label)
Triamterene,Enalaprilat,moderate,ndf-rt+openfda(a_in_b_label)
Triamterene,Ramipril,moderate,ndf-rt+openfda(a_in_b_label)
Triamterene,Enalapril,reported,ndf-rt+openfda(a_in_b_label)
Triamterene,Fosinopril,moderate,ndf-rt+openfda(a_in_b_label)
Triamterene,Quinapril,moderate,ndf-rt+openfda(a_in_b_label)
Triamterene,Benazepril,moderate,ndf-rt+openfda(a_in_b_label)
Triamterene,Losartan,moderate,ndf-rt+openfda(a_in_b_label)
Triamterene,Trandolapril,moderate,ndf-rt+openfda(a_in_b_label)
Triamterene,Valsartan,moderate,ndf-rt+openfda(a_in_b_label)
Triamterene,Perindopril,moderate,ndf-rt+openfda(a_in_b_label)
Triamterene,Dofetilide,severe,ndf-rt+openfda(a_in_b_label)
Triamterene,Eplerenone,moderate,ndf-rt+openfda(a_in_b_label)
Triamterene,Moexipril,moderate,ndf-rt+openfda(a_in_b_label)
Amoxapine,Phenelzine Sulfate,moderate,ndf-rt+openfda(a_in_b_label)
Amoxapine,Cimetidine,moderate,ndf-rt+openfda(b_in_a_label)
Amoxapine,Fluoxetine,moderate,ndf-rt+openfda(b_in_a_label)
Amoxapine,Tranylcypromine,severe,ndf-rt+openfda(a_in_b_label)
Amoxapine,Sertraline,moderate,ndf-rt+openfda(b_in_a_label)
Amoxapine,Paroxetine,moderate,ndf-rt+openfda(b_in_a_label)
Dexamethasone,Rifampin,moderate,ndf-rt+openfda(b_in_a_label)
Dexamethasone,Ciprofloxacin,severe,ndf-rt+openfda(a_in_b_label)
Dexamethasone,Warfarin,moderate,ndf-rt+openfda(b_in_a_label)
Dexamethasone,Ritonavir,moderate,ndf-rt+openfda(a_in_b_label)
Dexamethasone,Thalidomide,severe,ndf-rt+openfda(a_in_b_label)
Dexamethasone,Mifepristone,moderate,ndf-rt+openfda(a_in_b_label)
Dexamethasone,Aprepitant,moderate,ndf-rt+openfda(a_in_b_label)
Dexamethasone,Bortezomib,severe,ndf-rt+openfda(a_in_b_label)
Dexamethasone,Toremifene,moderate,ndf-rt+openfda(a_in_b_label)
Dexamethasone,Rilpivirine,severe,ndf-rt+openfda(a_in_b_label)
Dexamethasone,Axitinib,reported,ndf-rt+openfda(a_in_b_label)
Ethacrynic Acid,Tobramycin,severe,ndf-rt+openfda(a_in_b_label)
Ethacrynic Acid,Digitalis,severe,ndf-rt+openfda(b_in_a_label)
Ethacrynic Acid,Amikacin,severe,ndf-rt+openfda(a_in_b_label)
Ethacrynic Acid,Gentamicin Sulfate,moderate,ndf-rt+openfda(a_in_b_label)
Ethacrynic Acid,Lithium,moderate,ndf-rt+openfda(b_in_a_label)
Ethacrynic Acid,Streptomycin,severe,ndf-rt+openfda(a_in_b_label)
Perphenazine,Disulfiram,severe,ndf-rt+openfda(b_in_a_label)
Perphenazine,Lithium,severe,ndf-rt+openfda(a_in_b_label)
Perphenazine,Paroxetine,reported,ndf-rt+openfda(a_in_b_label)
Hydrocortisone,Rifampin,moderate,ndf-rt+openfda(b_in_a_label)
Hydrocortisone,Cholestyramine,moderate,ndf-rt+openfda(b_in_a_label)
Hydrocortisone,Ciprofloxacin,severe,ndf-rt+openfda(a_in_b_label)
Hydrocortisone,Colestipol,moderate,ndf-rt+openfda(a_in_b_label)
Hydrocortisone,Warfarin,moderate,ndf-rt+openfda(b_in_a_label)
Hydrocortisone,Rifabutin,reported,ndf-rt+openfda(b_in_a_label)
Diflunisal,Phenprocoumon,reported,ndf-rt+openfda(b_in_a_label)
Diflunisal,Ketorolac Tromethamine,moderate,ndf-rt+openfda(a_in_b_label)
Diflunisal,Lithium,moderate,ndf-rt+openfda(b_in_a_label)
Diflunisal,Methotrexate,moderate,ndf-rt+openfda(b_in_a_label)
Diflunisal,Warfarin,reported,ndf-rt+openfda(a_in_b_label)
Sulindac,Lithium,reported,ndf-rt+openfda(b_in_a_label)
Sulindac,Methotrexate,moderate,ndf-rt+openfda(b_in_a_label)
Sulindac,Warfarin,reported,ndf-rt+openfda(a_in_b_label)
Famotidine,Ketoconazole,severe,ndf-rt+openfda(b_in_a_label)
Famotidine,Itraconazole,severe,ndf-rt+openfda(b_in_a_label)
Famotidine,Tizanidine,reported,ndf-rt+openfda(a_in_b_label)
Famotidine,Erlotinib,severe,ndf-rt+openfda(b_in_a_label)
Famotidine,Atazanavir,reported,ndf-rt+openfda(a_in_b_label)
Famotidine,Dasatinib,severe,ndf-rt+openfda(b_in_a_label)
Famotidine,Nilotinib,severe,ndf-rt+openfda(b_in_a_label)
Famotidine,Rilpivirine,severe,ndf-rt+openfda(a_in_b_label)
Prednisolone,Rifampin,moderate,ndf-rt+openfda(a_in_b_label)
Prednisolone,Warfarin,moderate,ndf-rt+openfda(b_in_a_label)
Prednisolone,Ritonavir,moderate,ndf-rt+openfda(a_in_b_label)
Neomycin,Vecuronium,reported,ndf-rt+openfda(a_in_b_label)
Prochlorperazine,Dofetilide,severe,ndf-rt+openfda(a_in_b_label)
Ethinyl Estradiol,Griseofulvin,moderate,ndf-rt+openfda(b_in_a_label)
Ethinyl Estradiol,Primidone,reported,ndf-rt+openfda(b_in_a_label)
Ethinyl Estradiol,Rifampin,moderate,ndf-rt+openfda(b_in_a_label)
Ethinyl Estradiol,Rifabutin,moderate,ndf-rt+openfda(b_in_a_label)
Ethinyl Estradiol,Felbamate,reported,ndf-rt+openfda(a_in_b_label)
Ethinyl Estradiol,Lamotrigine,moderate,ndf-rt+openfda(b_in_a_label)
Ethinyl Estradiol,Mycophenolate Mofetil,severe,ndf-rt+openfda(a_in_b_label)
Ethinyl Estradiol,Ritonavir,moderate,ndf-rt+openfda(a_in_b_label)
Ethinyl Estradiol,Nevirapine,reported,ndf-rt+openfda(a_in_b_label)
Ethinyl Estradiol,Tizanidine,reported,ndf-rt+openfda(b_in_a_label)
Ethinyl Estradiol,Topiramate,moderate,ndf-rt+openfda(a_in_b_label)
Ethinyl Estradiol,Rifapentine,reported,ndf-rt+openfda(a_in_b_label)
Ethinyl Estradiol,Efavirenz,reported,ndf-rt+openfda(a_in_b_label)
Ethinyl Estradiol,Modafinil,moderate,ndf-rt+openfda(a_in_b_label)
Ethinyl Estradiol,Amprenavir,reported,ndf-rt+openfda(b_in_a_label)
Ethinyl Estradiol,Oxcarbazepine,moderate,ndf-rt+openfda(b_in_a_label)
Ethinyl Estradiol,Bosentan,severe,ndf-rt+openfda(a_in_b_label)
Ethinyl Estradiol,Aprepitant,moderate,ndf-rt+openfda(b_in_a_label)
Ethinyl Estradiol,Fosamprenavir,severe,ndf-rt+openfda(a_in_b_label)
Ethinyl Estradiol,Nelfinavir,reported,ndf-rt+openfda(a_in_b_label)
Ethinyl Estradiol,Atazanavir,severe,ndf-rt+openfda(a_in_b_label)
Ethinyl Estradiol,Tipranavir,reported,ndf-rt+openfda(b_in_a_label)
Ethinyl Estradiol,Rufinamide,moderate,ndf-rt+openfda(a_in_b_label)
Ethinyl Estradiol,Darunavir,severe,ndf-rt+openfda(a_in_b_label)
Ethinyl Estradiol,Mycophenolate,severe,ndf-rt+openfda(a_in_b_label)
Ethinyl Estradiol,Armodafinil,moderate,ndf-rt+openfda(a_in_b_label)
Ethinyl Estradiol,Boceprevir,reported,ndf-rt+openfda(b_in_a_label)
Ethinyl Estradiol,Telaprevir,reported,ndf-rt+openfda(b_in_a_label)
Norgestrel,Griseofulvin,moderate,ndf-rt+openfda(b_in_a_label)
Norgestrel,Rifabutin,moderate,ndf-rt+openfda(b_in_a_label)
Norgestrel,Felbamate,moderate,ndf-rt+openfda(b_in_a_label)
Norgestrel,Lamotrigine,moderate,ndf-rt+openfda(b_in_a_label)
Norgestrel,Ritonavir,reported,ndf-rt+openfda(b_in_a_label)
Norgestrel,Nevirapine,reported,ndf-rt+openfda(b_in_a_label)
Norgestrel,Tizanidine,reported,ndf-rt+openfda(b_in_a_label)
Norgestrel,Topiramate,moderate,ndf-rt+openfda(b_in_a_label)
Norgestrel,Amprenavir,reported,ndf-rt+openfda(b_in_a_label)
Norgestrel,Oxcarbazepine,moderate,ndf-rt+openfda(b_in_a_label)
Norgestrel,Aprepitant,moderate,ndf-rt+openfda(b_in_a_label)
Norgestrel,Nelfinavir,reported,ndf-rt+openfda(b_in_a_label)
Norgestrel,Atazanavir,reported,ndf-rt+openfda(b_in_a_label)
Norgestrel,Tipranavir,reported,ndf-rt+openfda(b_in_a_label)
Norgestrel,Rufinamide,moderate,ndf-rt+openfda(b_in_a_label)
Norgestrel,Darunavir,reported,ndf-rt+openfda(b_in_a_label)
Norgestrel,Ulipristal,reported,ndf-rt+openfda(b_in_a_label)
Levonorgestrel,Griseofulvin,moderate,ndf-rt+openfda(b_in_a_label)
Levonorgestrel,Primidone,reported,ndf-rt+openfda(b_in_a_label)
Levonorgestrel,Rifampin,severe,ndf-rt+openfda(b_in_a_label)
Levonorgestrel,Rifabutin,reported,ndf-rt+openfda(b_in_a_label)
Levonorgestrel,Felbamate,moderate,ndf-rt+openfda(b_in_a_label)
Levonorgestrel,Lamotrigine,moderate,ndf-rt+openfda(a_in_b_label)
Levonorgestrel,Mycophenolate Mofetil,reported,ndf-rt+openfda(a_in_b_label)
Levonorgestrel,Ritonavir,moderate,ndf-rt+openfda(b_in_a_label)
Levonorgestrel,Nevirapine,reported,ndf-rt+openfda(b_in_a_label)
Levonorgestrel,Tizanidine,moderate,ndf-rt+openfda(b_in_a_label)
Levonorgestrel,Topiramate,moderate,ndf-rt+openfda(b_in_a_label)
Levonorgestrel,Rifapentine,reported,ndf-rt+openfda(a_in_b_label)
Levonorgestrel,Efavirenz,reported,ndf-rt+openfda(a_in_b_label)
Levonorgestrel,Modafinil,reported,ndf-rt+openfda(b_in_a_label)
Levonorgestrel,Amprenavir,reported,ndf-rt+openfda(b_in_a_label)
Levonorgestrel,Oxcarbazepine,moderate,ndf-rt+openfda(b_in_a_label)
Levonorgestrel,Bosentan,moderate,ndf-rt+openfda(b_in_a_label)
Levonorgestrel,Mycophenolic Acid,severe,ndf-rt+openfda(a_in_b_label)
Levonorgestrel,Nelfinavir,reported,ndf-rt+openfda(b_in_a_label)
Levonorgestrel,Atazanavir,moderate,ndf-rt+openfda(b_in_a_label)
Levonorgestrel,Tipranavir,reported,ndf-rt+openfda(b_in_a_label)
Levonorgestrel,Rufinamide,reported,ndf-rt+openfda(b_in_a_label)
Levonorgestrel,Darunavir,reported,ndf-rt+openfda(b_in_a_label)
Levonorgestrel,Mycophenolate,reported,ndf-rt+openfda(a_in_b_label)
Levonorgestrel,Boceprevir,reported,ndf-rt+openfda(b_in_a_label)
Levonorgestrel,Telaprevir,reported,ndf-rt+openfda(b_in_a_label)
Epinephrine,Atenolol,severe,ndf-rt+openfda(a_in_b_label)
Epinephrine,Methylene Blue,reported,ndf-rt+openfda(b_in_a_label)
Epinephrine,Phenelzine Sulfate,reported,ndf-rt+openfda(a_in_b_label)
Epinephrine,Pindolol,severe,ndf-rt+openfda(a_in_b_label)
Epinephrine,Amitriptyline,moderate,ndf-rt+openfda(a_in_b_label)
Epinephrine,Cefotetan,moderate,ndf-rt+openfda(a_in_b_label)
Epinephrine,Imipramine,moderate,ndf-rt+openfda(a_in_b_label)
Epinephrine,Labetalol,severe,ndf-rt+openfda(a_in_b_label)
Epinephrine,Metoprolol,moderate,ndf-rt+openfda(a_in_b_label)
Epinephrine,Propranolol,reported,ndf-rt+openfda(a_in_b_label)
Epinephrine,Protriptyline,moderate,ndf-rt+openfda(a_in_b_label)
Epinephrine,Timolol,moderate,ndf-rt+openfda(a_in_b_label)
Epinephrine,Tranylcypromine,severe,ndf-rt+openfda(a_in_b_label)
Epinephrine,Trimipramine,moderate,ndf-rt+openfda(a_in_b_label)
Epinephrine,Desflurane,reported,ndf-rt+openfda(a_in_b_label)
Epinephrine,Sotalol,reported,ndf-rt+openfda(a_in_b_label)
Epinephrine,Sevoflurane,moderate,ndf-rt+openfda(a_in_b_label)
Epinephrine,Bisoprolol,severe,ndf-rt+openfda(a_in_b_label)
Digoxin,Rifampin,moderate,ndf-rt+openfda(a_in_b_label)
Digoxin,Indapamide,severe,ndf-rt+openfda(a_in_b_label)
Digoxin,Cyclosporine,moderate,ndf-rt+openfda(a_in_b_label)
Digoxin,Cholestyramine,moderate,ndf-rt+openfda(b_in_a_label)
Digoxin,Ketoconazole,moderate,ndf-rt+openfda(a_in_b_label)
Digoxin,Amiodarone,moderate,ndf-rt+openfda(a_in_b_label)
Digoxin,Colestipol,moderate,ndf-rt+openfda(a_in_b_label)
Digoxin,Flecainide,reported,ndf-rt+openfda(a_in_b_label)
Digoxin,Hydroxychloroquine,moderate,ndf-rt+openfda(a_in_b_label)
Digoxin,Propafenone,moderate,ndf-rt+openfda(a_in_b_label)
Digoxin,Quinidine,severe,ndf-rt+openfda(a_in_b_label)
Digoxin,Verapamil,moderate,ndf-rt+openfda(a_in_b_label)
Digoxin,Azithromycin,moderate,ndf-rt+openfda(a_in_b_label)
Digoxin,Clarithromycin,severe,ndf-rt+openfda(a_in_b_label)
Digoxin,Itraconazole,severe,ndf-rt+openfda(a_in_b_label)
Digoxin,Rifabutin,moderate,ndf-rt+openfda(a_in_b_label)
Digoxin,Nefazodone,moderate,ndf-rt+openfda(a_in_b_label)
Digoxin,Saquinavir,moderate,ndf-rt+openfda(b_in_a_label)
Digoxin,Acarbose,severe,ndf-rt+openfda(a_in_b_label)
Digoxin,Carvedilol,moderate,ndf-rt+openfda(a_in_b_label)
Digoxin,Rifapentine,reported,ndf-rt+openfda(a_in_b_label)
Digoxin,Telmisartan,moderate,ndf-rt+openfda(a_in_b_label)
Digoxin,Rabeprazole,moderate,ndf-rt+openfda(a_in_b_label)
Digoxin,Epoprostenol,reported,ndf-rt+openfda(a_in_b_label)
Digoxin,Darifenacin,moderate,ndf-rt+openfda(a_in_b_label)
Digoxin,Ranolazine,severe,ndf-rt+openfda(a_in_b_label)
Digoxin,Conivaptan,moderate,ndf-rt+openfda(b_in_a_label)
Digoxin,Dronedarone,severe,ndf-rt+openfda(a_in_b_label)
Digoxin,Fingolimod,reported,ndf-rt+openfda(a_in_b_label)
Digoxin,Telaprevir,moderate,ndf-rt+openfda(b_in_a_label)
Dextromethorphan,Methylene Blue,severe,ndf-rt+openfda(a_in_b_label)
Dextromethorphan,Phenelzine Sulfate,severe,ndf-rt+openfda(a_in_b_label)
Dextromethorphan,Selegiline,severe,ndf-rt+openfda(a_in_b_label)
Dextromethorphan,Tranylcypromine,severe,ndf-rt+openfda(a_in_b_label)
Dextromethorphan,Paroxetine,reported,ndf-rt+openfda(a_in_b_label)
Dextromethorphan,Linezolid,severe,ndf-rt+openfda(b_in_a_label)
Dextromethorphan,Rasagiline,severe,ndf-rt+openfda(a_in_b_label)
Aminophylline,Rifampin,reported,ndf-rt+openfda(b_in_a_label)
Aminophylline,Cimetidine,reported,ndf-rt+openfda(b_in_a_label)
Aminophylline,Ciprofloxacin,reported,ndf-rt+openfda(b_in_a_label)
Aminophylline,Norfloxacin,reported,ndf-rt+openfda(b_in_a_label)
Aminophylline,Adenosine,reported,ndf-rt+openfda(a_in_b_label)
Aminophylline,Clarithromycin,reported,ndf-rt+openfda(b_in_a_label)
Aminophylline,Enoxacin,reported,ndf-rt+openfda(b_in_a_label)
Aminophylline,Troleandomycin,reported,ndf-rt+openfda(b_in_a_label)
Aminophylline,Tacrine,reported,ndf-rt+openfda(b_in_a_label)
Aminophylline,Fluvoxamine,reported,ndf-rt+openfda(b_in_a_label)
Aminophylline,Regadenoson,moderate,ndf-rt+openfda(a_in_b_label)
Ketoprofen,Lithium,reported,ndf-rt+openfda(b_in_a_label)
Ketoprofen,Methotrexate,reported,ndf-rt+openfda(b_in_a_label)
Ketoprofen,Warfarin,reported,ndf-rt+openfda(a_in_b_label)
Triazolam,Ketoconazole,severe,ndf-rt+openfda(a_in_b_label)
Triazolam,Fluconazole,moderate,ndf-rt+openfda(a_in_b_label)
Triazolam,Diltiazem,reported,ndf-rt+openfda(a_in_b_label)
Triazolam,Clarithromycin,moderate,ndf-rt+openfda(a_in_b_label)
Triazolam,Itraconazole,reported,ndf-rt+openfda(a_in_b_label)
Triazolam,Nefazodone,severe,ndf-rt+openfda(a_in_b_label)
Triazolam,Saquinavir,severe,ndf-rt+openfda(b_in_a_label)
Triazolam,Ritonavir,severe,ndf-rt+openfda(a_in_b_label)
Triazolam,Modafinil,moderate,ndf-rt+openfda(a_in_b_label)
Triazolam,Voriconazole,moderate,ndf-rt+openfda(a_in_b_label)
Triazolam,Fosamprenavir,severe,ndf-rt+openfda(a_in_b_label)
Triazolam,Fluvoxamine,moderate,ndf-rt+openfda(b_in_a_label)
Triazolam,Indinavir,severe,ndf-rt+openfda(b_in_a_label)
Triazolam,Nelfinavir,severe,ndf-rt+openfda(a_in_b_label)
Triazolam,Atazanavir,severe,ndf-rt+openfda(a_in_b_label)
Triazolam,Darunavir,severe,ndf-rt+openfda(a_in_b_label)
Triazolam,Posaconazole,moderate,ndf-rt+openfda(a_in_b_label)
Methylprednisolone,Rifampin,moderate,ndf-rt+openfda(b_in_a_label)
Methylprednisolone,Warfarin,moderate,ndf-rt+openfda(b_in_a_label)
Methylprednisolone,Ritonavir,moderate,ndf-rt+openfda(a_in_b_label)
Methylprednisolone,Aprepitant,reported,ndf-rt+openfda(a_in_b_label)
Alprazolam,Ketoconazole,severe,ndf-rt+openfda(a_in_b_label)
Alprazolam,Buprenorphine,moderate,ndf-rt+openfda(b_in_a_label)
Alprazolam,Fluoxetine,moderate,ndf-rt+openfda(a_in_b_label)
Alprazolam,Methadone,moderate,ndf-rt+openfda(b_in_a_label)
Alprazolam,Clarithromycin,moderate,ndf-rt+openfda(a_in_b_label)
Alprazolam,Itraconazole,moderate,ndf-rt+openfda(a_in_b_label)
Alprazolam,Nefazodone,severe,ndf-rt+openfda(a_in_b_label)
Alprazolam,Ritonavir,moderate,ndf-rt+openfda(b_in_a_label)
Alprazolam,Voriconazole,moderate,ndf-rt+openfda(a_in_b_label)
Alprazolam,Fluvoxamine,reported,ndf-rt+openfda(a_in_b_label)
Alprazolam,Posaconazole,moderate,ndf-rt+openfda(a_in_b_label)
Glyburide,Rifampin,moderate,ndf-rt+openfda(a_in_b_label)
Glyburide,Ciprofloxacin,severe,ndf-rt+openfda(a_in_b_label)
Glyburide,Fluconazole,severe,ndf-rt+openfda(a_in_b_label)
Glyburide,Ofloxacin,moderate,ndf-rt+openfda(a_in_b_label)
Glyburide,Propranolol,moderate,ndf-rt+openfda(b_in_a_label)
Glyburide,Acitretin,severe,ndf-rt+openfda(a_in_b_label)
Glyburide,Rifapentine,reported,ndf-rt+openfda(a_in_b_label)
Glyburide,Bosentan,severe,ndf-rt+openfda(a_in_b_label)
Calcium Chloride,Ceftriaxone,severe,ndf-rt+openfda(b_in_a_label)
Calcium Gluconate,Ceftriaxone,severe,ndf-rt+openfda(b_in_a_label)
Cyclophosphamide,Fluconazole,moderate,ndf-rt+openfda(a_in_b_label)
Cyclophosphamide,Succinylcholine,severe,ndf-rt+openfda(b_in_a_label)
Cyclophosphamide,Natalizumab,reported,ndf-rt+openfda(b_in_a_label)
Haloperidol,Rifampin,reported,ndf-rt+openfda(a_in_b_label)
Haloperidol,Amiodarone,moderate,ndf-rt+openfda(b_in_a_label)
Haloperidol,Bromocriptine,moderate,ndf-rt+openfda(a_in_b_label)
Haloperidol,Disopyramide,moderate,ndf-rt+openfda(b_in_a_label)
Haloperidol,Lithium,reported,ndf-rt+openfda(a_in_b_label)
Haloperidol,Procainamide,moderate,ndf-rt+openfda(b_in_a_label)
Haloperidol,Sotalol,moderate,ndf-rt+openfda(b_in_a_label)
Haloperidol,Citalopram,moderate,ndf-rt+openfda(b_in_a_label)
Haloperidol,Ziprasidone,moderate,ndf-rt+openfda(b_in_a_label)
Haloperidol,Anagrelide,moderate,ndf-rt+openfda(a_in_b_label)
Haloperidol,Toremifene,reported,ndf-rt+openfda(a_in_b_label)
Haloperidol,Tetrabenazine,reported,ndf-rt+openfda(a_in_b_label)
Oxandrolone,Warfarin,moderate,ndf-rt+openfda(a_in_b_label)
Theophylline,Disulfiram,reported,ndf-rt+openfda(b_in_a_label)
Theophylline,Rifampin,severe,ndf-rt+openfda(a_in_b_label)
Theophylline,Cimetidine,moderate,ndf-rt+openfda(a_in_b_label)
Theophylline,Ciprofloxacin,severe,ndf-rt+openfda(a_in_b_label)
Theophylline,Norfloxacin,reported,ndf-rt+openfda(b_in_a_label)
Theophylline,Adenosine,moderate,ndf-rt+openfda(a_in_b_label)
Theophylline,Diltiazem,reported,ndf-rt+openfda(b_in_a_label)
Theophylline,Fluoxetine,severe,ndf-rt+openfda(a_in_b_label)
Theophylline,Methotrexate,moderate,ndf-rt+openfda(a_in_b_label)
Theophylline,Verapamil,moderate,ndf-rt+openfda(a_in_b_label)
Theophylline,Clarithromycin,moderate,ndf-rt+openfda(a_in_b_label)
Theophylline,Enoxacin,reported,ndf-rt+openfda(b_in_a_label)
Theophylline,Ticlopidine,reported,ndf-rt+openfda(b_in_a_label)
Theophylline,Ritonavir,moderate,ndf-rt+openfda(a_in_b_label)
Theophylline,Troleandomycin,reported,ndf-rt+openfda(b_in_a_label)
Theophylline,Tacrine,moderate,ndf-rt+openfda(b_in_a_label)
Theophylline,Fluvoxamine,moderate,ndf-rt+openfda(a_in_b_label)
Theophylline,Fosphenytoin,moderate,ndf-rt+openfda(a_in_b_label)
Theophylline,Deferasirox,moderate,ndf-rt+openfda(a_in_b_label)
Theophylline,Regadenoson,moderate,ndf-rt+openfda(a_in_b_label)
Carmustine,Cimetidine,moderate,ndf-rt+openfda(b_in_a_label)
Etoposide,Cyclosporine,moderate,ndf-rt+openfda(a_in_b_label)
Metolazone,Digitalis,moderate,ndf-rt+openfda(b_in_a_label)
Metolazone,Lithium,severe,ndf-rt+openfda(b_in_a_label)
Hydrocodone,Methylene Blue,moderate,ndf-rt+openfda(b_in_a_label)
Hydrocodone,Rifampin,reported,ndf-rt+openfda(b_in_a_label)
Hydrocodone,Ketoconazole,moderate,ndf-rt+openfda(b_in_a_label)
Hydrocodone,Buprenorphine,moderate,ndf-rt+openfda(b_in_a_label)
Hydrocodone,Tranylcypromine,severe,ndf-rt+openfda(b_in_a_label)
Hydrocodone,Ritonavir,severe,ndf-rt+openfda(a_in_b_label)
Hydrocodone,Linezolid,moderate,ndf-rt+openfda(b_in_a_label)
Sodium Bicarbonate,Ketoconazole,moderate,ndf-rt+openfda(b_in_a_label)
Sodium Bicarbonate,Itraconazole,moderate,ndf-rt+openfda(b_in_a_label)
Sodium Bicarbonate,Rilpivirine,moderate,ndf-rt+openfda(b_in_a_label)
Chloramphenicol,Fosphenytoin,moderate,ndf-rt+openfda(a_in_b_label)
Griseofulvin,Norethindrone,moderate,ndf-rt+openfda(a_in_b_label)
Griseofulvin,Medroxyprogesterone,moderate,ndf-rt+openfda(a_in_b_label)
Griseofulvin,Warfarin,moderate,ndf-rt+openfda(b_in_a_label)
Griseofulvin,Etonogestrel,moderate,ndf-rt+openfda(a_in_b_label)
Griseofulvin,Ulipristal,moderate,ndf-rt+openfda(a_in_b_label)
Danazol,Cyclosporine,reported,ndf-rt+openfda(a_in_b_label)
Danazol,Lovastatin,reported,ndf-rt+openfda(a_in_b_label)
Danazol,Warfarin,moderate,ndf-rt+openfda(b_in_a_label)
Danazol,Simvastatin,severe,ndf-rt+openfda(a_in_b_label)
Danazol,Tacrolimus,moderate,ndf-rt+openfda(a_in_b_label)
Mephobarbital,Voriconazole,severe,ndf-rt+openfda(a_in_b_label)
Lidocaine,Methylene Blue,reported,ndf-rt+openfda(b_in_a_label)
Lidocaine,Amiodarone,moderate,ndf-rt+openfda(a_in_b_label)
Lidocaine,Disopyramide,moderate,ndf-rt+openfda(a_in_b_label)
Lidocaine,Propranolol,reported,ndf-rt+openfda(a_in_b_label)
Lidocaine,Timolol,reported,ndf-rt+openfda(b_in_a_label)
Lidocaine,Sotalol,moderate,ndf-rt+openfda(b_in_a_label)
Lidocaine,Saquinavir,reported,ndf-rt+openfda(b_in_a_label)
Lidocaine,Dofetilide,moderate,ndf-rt+openfda(b_in_a_label)
Lidocaine,Fosamprenavir,severe,ndf-rt+openfda(a_in_b_label)
Lidocaine,Metformin,moderate,ndf-rt+openfda(b_in_a_label)
Praziquantel,Rifampin,severe,ndf-rt+openfda(a_in_b_label)
Praziquantel,Chloroquine,severe,ndf-rt+openfda(a_in_b_label)
Praziquantel,Fosphenytoin,reported,ndf-rt+openfda(a_in_b_label)
Clotrimazole,Tacrolimus,moderate,ndf-rt+openfda(a_in_b_label)
Nifedipine,Rifampin,moderate,ndf-rt+openfda(a_in_b_label)
Nifedipine,Cimetidine,moderate,ndf-rt+openfda(a_in_b_label)
Nifedipine,Ketoconazole,moderate,ndf-rt+openfda(b_in_a_label)
Nifedipine,Fluconazole,moderate,ndf-rt+openfda(a_in_b_label)
Nifedipine,Quinidine,reported,ndf-rt+openfda(a_in_b_label)
Nifedipine,Clarithromycin,moderate,ndf-rt+openfda(a_in_b_label)
Nifedipine,Itraconazole,moderate,ndf-rt+openfda(b_in_a_label)
Nifedipine,Rifabutin,severe,ndf-rt+openfda(b_in_a_label)
Nifedipine,Tacrolimus,moderate,ndf-rt+openfda(a_in_b_label)
Nifedipine,Fosphenytoin,moderate,ndf-rt+openfda(a_in_b_label)
Nifedipine,Nelfinavir,moderate,ndf-rt+openfda(b_in_a_label)
Nifedipine,Posaconazole,moderate,ndf-rt+openfda(a_in_b_label)
Phenylbutazone,Norethindrone,reported,ndf-rt+openfda(a_in_b_label)
Phenylbutazone,Methotrexate,moderate,ndf-rt+openfda(a_in_b_label)
Estrogens,Rifampin,reported,ndf-rt+openfda(a_in_b_label)
Estrogens,Ritonavir,severe,ndf-rt+openfda(b_in_a_label)
Estrogens,Levothyroxine,moderate,ndf-rt+openfda(a_in_b_label)
Estrogens,Liothyronine,moderate,ndf-rt+openfda(a_in_b_label)
Estrogens,Fosphenytoin,reported,ndf-rt+openfda(a_in_b_label)
Pancreatin,Acarbose,moderate,ndf-rt+openfda(a_in_b_label)
Pancreatin,Miglitol,severe,ndf-rt+openfda(a_in_b_label)
Urea,Tobramycin,severe,ndf-rt+openfda(a_in_b_label)
Atenolol,Disopyramide,moderate,ndf-rt+openfda(b_in_a_label)
Atenolol,Verapamil,moderate,ndf-rt+openfda(a_in_b_label)
Pentoxifylline,Cimetidine,severe,ndf-rt+openfda(b_in_a_label)
Pentoxifylline,Ketorolac Tromethamine,severe,ndf-rt+openfda(a_in_b_label)
Pimozide,Droperidol,reported,ndf-rt+openfda(b_in_a_label)
Pimozide,Ketoconazole,severe,ndf-rt+openfda(a_in_b_label)
Pimozide,Clozapine,reported,ndf-rt+openfda(a_in_b_label)
Pimozide,Fluconazole,moderate,ndf-rt+openfda(a_in_b_label)
Pimozide,Bromocriptine,moderate,ndf-rt+openfda(a_in_b_label)
Pimozide,Fluoxetine,severe,ndf-rt+openfda(a_in_b_label)
Pimozide,Quinidine,severe,ndf-rt+openfda(a_in_b_label)
Pimozide,Quinine,moderate,ndf-rt+openfda(a_in_b_label)
Pimozide,Thioridazine,reported,ndf-rt+openfda(b_in_a_label)
Pimozide,Azithromycin,severe,ndf-rt+openfda(b_in_a_label)
Pimozide,Clarithromycin,severe,ndf-rt+openfda(a_in_b_label)
Pimozide,Sertraline,severe,ndf-rt+openfda(a_in_b_label)
Pimozide,Itraconazole,reported,ndf-rt+openfda(a_in_b_label)
Pimozide,Sotalol,reported,ndf-rt+openfda(b_in_a_label)
Pimozide,Paroxetine,severe,ndf-rt+openfda(a_in_b_label)
Pimozide,Tacrolimus,reported,ndf-rt+openfda(b_in_a_label)
Pimozide,Nefazodone,severe,ndf-rt+openfda(a_in_b_label)
Pimozide,Dirithromycin,severe,ndf-rt+openfda(b_in_a_label)
Pimozide,Ritonavir,severe,ndf-rt+openfda(a_in_b_label)
Pimozide,Zileuton,severe,ndf-rt+openfda(b_in_a_label)
Pimozide,Citalopram,moderate,ndf-rt+openfda(a_in_b_label)
Pimozide,Moxifloxacin,reported,ndf-rt+openfda(b_in_a_label)
Pimozide,Dofetilide,reported,ndf-rt+openfda(b_in_a_label)
Pimozide,Mifepristone,severe,ndf-rt+openfda(a_in_b_label)
Pimozide,Ziprasidone,reported,ndf-rt+openfda(a_in_b_label)
Pimozide,Imatinib,moderate,ndf-rt+openfda(a_in_b_label)
Pimozide,Voriconazole,severe,ndf-rt+openfda(a_in_b_label)
Pimozide,Aprepitant,severe,ndf-rt+openfda(a_in_b_label)
Pimozide,Fosamprenavir,reported,ndf-rt+openfda(a_in_b_label)
Pimozide,Troleandomycin,severe,ndf-rt+openfda(b_in_a_label)
Pimozide,Fluvoxamine,moderate,ndf-rt+openfda(a_in_b_label)
Pimozide,Indinavir,severe,ndf-rt+openfda(b_in_a_label)
Pimozide,Nelfinavir,severe,ndf-rt+openfda(a_in_b_label)
Pimozide,Anagrelide,moderate,ndf-rt+openfda(a_in_b_label)
Pimozide,Dolasetron,reported,ndf-rt+openfda(b_in_a_label)
Pimozide,Escitalopram,moderate,ndf-rt+openfda(a_in_b_label)
Pimozide,Atazanavir,severe,ndf-rt+openfda(a_in_b_label)
Pimozide,Darunavir,severe,ndf-rt+openfda(a_in_b_label)
Pimozide,Posaconazole,severe,ndf-rt+openfda(a_in_b_label)
Primidone,Imatinib,reported,ndf-rt+openfda(a_in_b_label)
Disulfiram,Warfarin,reported,ndf-rt+openfda(a_in_b_label)
Disulfiram,Fosphenytoin,moderate,ndf-rt+openfda(a_in_b_label)
Norethindrone,Rifampin,moderate,ndf-rt+openfda(b_in_a_label)
Norethindrone,Rifabutin,reported,ndf-rt+openfda(a_in_b_label)
Norethindrone,Felbamate,moderate,ndf-rt+openfda(b_in_a_label)
Norethindrone,Lamotrigine,moderate,ndf-rt+openfda(b_in_a_label)
Norethindrone,Ritonavir,reported,ndf-rt+openfda(b_in_a_label)
Norethindrone,Nevirapine,reported,ndf-rt+openfda(a_in_b_label)
Norethindrone,Tizanidine,reported,ndf-rt+openfda(b_in_a_label)
Norethindrone,Topiramate,moderate,ndf-rt+openfda(a_in_b_label)
Norethindrone,Efavirenz,moderate,ndf-rt+openfda(b_in_a_label)
Norethindrone,Amprenavir,reported,ndf-rt+openfda(b_in_a_label)
Norethindrone,Oxcarbazepine,moderate,ndf-rt+openfda(b_in_a_label)
Norethindrone,Bosentan,severe,ndf-rt+openfda(a_in_b_label)
Norethindrone,Aprepitant,moderate,ndf-rt+openfda(b_in_a_label)
Norethindrone,Fosamprenavir,severe,ndf-rt+openfda(a_in_b_label)
Norethindrone,Nelfinavir,reported,ndf-rt+openfda(a_in_b_label)
Norethindrone,Atazanavir,severe,ndf-rt+openfda(a_in_b_label)
Norethindrone,Tipranavir,reported,ndf-rt+openfda(b_in_a_label)
Norethindrone,Rufinamide,moderate,ndf-rt+openfda(a_in_b_label)
Norethindrone,Darunavir,severe,ndf-rt+openfda(a_in_b_label)
Norethindrone,Ulipristal,moderate,ndf-rt+openfda(b_in_a_label)
Norethindrone,Boceprevir,reported,ndf-rt+openfda(b_in_a_label)
Norethindrone,Telaprevir,reported,ndf-rt+openfda(b_in_a_label)
Echothiophate Iodide,Succinylcholine,severe,ndf-rt+openfda(b_in_a_label)
Halothane,Labetalol,severe,ndf-rt+openfda(a_in_b_label)
Glipizide,Rifampin,moderate,ndf-rt+openfda(a_in_b_label)
Glipizide,Fluconazole,severe,ndf-rt+openfda(a_in_b_label)
Glipizide,Propranolol,moderate,ndf-rt+openfda(b_in_a_label)
Glipizide,Rifapentine,reported,ndf-rt+openfda(a_in_b_label)
Glipizide,Voriconazole,moderate,ndf-rt+openfda(b_in_a_label)
Pentobarbital,Phenprocoumon,moderate,ndf-rt+openfda(b_in_a_label)
Pentobarbital,Dicumarol,reported,ndf-rt+openfda(b_in_a_label)
Pentobarbital,Warfarin,moderate,ndf-rt+openfda(b_in_a_label)
Pentobarbital,Estrone,moderate,ndf-rt+openfda(b_in_a_label)
Heparin,Abciximab,moderate,ndf-rt+openfda(b_in_a_label)
Heparin,Bivalirudin,severe,ndf-rt+openfda(a_in_b_label)
Heparin,Rivaroxaban,severe,ndf-rt+openfda(b_in_a_label)
Tretinoin,Tranexamic Acid,severe,ndf-rt+openfda(a_in_b_label)
Miconazole,Warfarin,moderate,ndf-rt+openfda(a_in_b_label)
Miconazole,Fosphenytoin,moderate,ndf-rt+openfda(a_in_b_label)
Miconazole,Tolterodine,severe,ndf-rt+openfda(a_in_b_label)
Pseudoephedrine,Sodium Lactate,moderate,ndf-rt+openfda(a_in_b_label)
Pseudoephedrine,Ephedrine,severe,ndf-rt+openfda(a_in_b_label)
Pseudoephedrine,Selegiline,severe,ndf-rt+openfda(a_in_b_label)
Pseudoephedrine,Tranylcypromine,severe,ndf-rt+openfda(a_in_b_label)
Methylene Blue,Fentanyl,moderate,ndf-rt+openfda(a_in_b_label)
Methylene Blue,Tetracaine,severe,ndf-rt+openfda(a_in_b_label)
Methylene Blue,Alfentanil,moderate,ndf-rt+openfda(b_in_a_label)
Methylene Blue,Amitriptyline,reported,ndf-rt+openfda(a_in_b_label)
Methylene Blue,Amphetamine,moderate,ndf-rt+openfda(a_in_b_label)
Methylene Blue,Bupivacaine,severe,ndf-rt+openfda(a_in_b_label)
Methylene Blue,Bupropion,severe,ndf-rt+openfda(a_in_b_label)
Methylene Blue,Buspirone,severe,ndf-rt+openfda(a_in_b_label)
Methylene Blue,Clomipramine,severe,ndf-rt+openfda(a_in_b_label)
Methylene Blue,Desipramine,severe,ndf-rt+openfda(a_in_b_label)
Methylene Blue,Doxepin,severe,ndf-rt+openfda(a_in_b_label)
Methylene Blue,Fluoxetine,severe,ndf-rt+openfda(a_in_b_label)
Methylene Blue,Hydromorphone,moderate,ndf-rt+openfda(a_in_b_label)
Methylene Blue,Imipramine,severe,ndf-rt+openfda(a_in_b_label)
Methylene Blue,Meperidine,moderate,ndf-rt+openfda(a_in_b_label)
Methylene Blue,Mepivacaine,reported,ndf-rt+openfda(a_in_b_label)
Methylene Blue,Methadone,moderate,ndf-rt+openfda(a_in_b_label)
Methylene Blue,Methamphetamine,severe,ndf-rt+openfda(a_in_b_label)
Methylene Blue,Methylphenidate,severe,ndf-rt+openfda(a_in_b_label)
Methylene Blue,Norepinephrine,severe,ndf-rt+openfda(b_in_a_label)
Methylene Blue,Nortriptyline,severe,ndf-rt+openfda(a_in_b_label)
Methylene Blue,Pentazocine,moderate,ndf-rt+openfda(a_in_b_label)
Methylene Blue,Procaine,reported,ndf-rt+openfda(a_in_b_label)
Methylene Blue,Sufentanil,moderate,ndf-rt+openfda(a_in_b_label)
Methylene Blue,Tranylcypromine,severe,ndf-rt+openfda(a_in_b_label)
Methylene Blue,Trazodone,severe,ndf-rt+openfda(a_in_b_label)
Methylene Blue,Trimipramine,severe,ndf-rt+openfda(a_in_b_label)
Methylene Blue,Dextroamphetamine,moderate,ndf-rt+openfda(a_in_b_label)
Methylene Blue,Sertraline,severe,ndf-rt+openfda(a_in_b_label)
Methylene Blue,Paroxetine,severe,ndf-rt+openfda(a_in_b_label)
Methylene Blue,Mirtazapine,severe,ndf-rt+openfda(a_in_b_label)
Methylene Blue,Citalopram,severe,ndf-rt+openfda(a_in_b_label)
Methylene Blue,Linezolid,severe,ndf-rt+openfda(b_in_a_label)
Methylene Blue,Dexmethylphenidate,severe,ndf-rt+openfda(a_in_b_label)
Methylene Blue,Duloxetine,severe,ndf-rt+openfda(a_in_b_label)
Methylene Blue,Venlafaxine,severe,ndf-rt+openfda(a_in_b_label)
Methylene Blue,Fluvoxamine,reported,ndf-rt+openfda(a_in_b_label)
Methylene Blue,Tramadol,moderate,ndf-rt+openfda(a_in_b_label)
Methylene Blue,Remifentanil,moderate,ndf-rt+openfda(a_in_b_label)
Methylene Blue,Escitalopram,severe,ndf-rt+openfda(a_in_b_label)
Methylene Blue,Atomoxetine,severe,ndf-rt+openfda(a_in_b_label)
Methylene Blue,Milnacipran,severe,ndf-rt+openfda(a_in_b_label)
Methylene Blue,Lisdexamfetamine,moderate,ndf-rt+openfda(a_in_b_label)
Methylene Blue,Desvenlafaxine,severe,ndf-rt+openfda(a_in_b_label)
Methylene Blue,Tapentadol,moderate,ndf-rt+openfda(a_in_b_label)
Methylene Blue,Vilazodone,severe,ndf-rt+openfda(a_in_b_label)
Isosorbide,Vardenafil,severe,ndf-rt+openfda(b_in_a_label)
Isosorbide,Tadalafil,severe,ndf-rt+openfda(b_in_a_label)
Isosorbide,Sildenafil,severe,ndf-rt+openfda(b_in_a_label)
Tobramycin,Piperacillin,moderate,ndf-rt+openfda(a_in_b_label)
Tobramycin,Cidofovir,severe,ndf-rt+openfda(a_in_b_label)
Petrolatum,Warfarin,severe,ndf-rt+openfda(b_in_a_label)
Aluminum Hydroxide,Ketoconazole,moderate,ndf-rt+openfda(a_in_b_label)
Aluminum Hydroxide,Ciprofloxacin,moderate,ndf-rt+openfda(a_in_b_label)
Aluminum Hydroxide,Ethambutol,moderate,ndf-rt+openfda(a_in_b_label)
Aluminum Hydroxide,Itraconazole,severe,ndf-rt+openfda(a_in_b_label)
Aluminum Hydroxide,Cefpodoxime Proxetil,moderate,ndf-rt+openfda(a_in_b_label)
Rifampin,Betamethasone,moderate,ndf-rt+openfda(a_in_b_label)
Rifampin,Fentanyl,reported,ndf-rt+openfda(a_in_b_label)
Rifampin,Cyclosporine,reported,ndf-rt+openfda(a_in_b_label)
Rifampin,Dapsone,moderate,ndf-rt+openfda(a_in_b_label)
Rifampin,Ketoconazole,severe,ndf-rt+openfda(b_in_a_label)
Rifampin,Nimodipine,moderate,ndf-rt+openfda(a_in_b_label)
Rifampin,Clozapine,severe,ndf-rt+openfda(a_in_b_label)
Rifampin,Fluconazole,moderate,ndf-rt+openfda(a_in_b_label)
Rifampin,Amiodarone,moderate,ndf-rt+openfda(a_in_b_label)
Rifampin,Buprenorphine,moderate,ndf-rt+openfda(a_in_b_label)
Rifampin,Buspirone,moderate,ndf-rt+openfda(a_in_b_label)
Rifampin,Diltiazem,moderate,ndf-rt+openfda(a_in_b_label)
Rifampin,Disopyramide,reported,ndf-rt+openfda(b_in_a_label)
Rifampin,Fludrocortisone,moderate,ndf-rt+openfda(a_in_b_label)
Rifampin,Guanfacine,reported,ndf-rt+openfda(a_in_b_label)
Rifampin,Medroxyprogesterone,moderate,ndf-rt+openfda(a_in_b_label)
Rifampin,Mefloquine,reported,ndf-rt+openfda(a_in_b_label)
Rifampin,Methadone,moderate,ndf-rt+openfda(a_in_b_label)
Rifampin,Mexiletine,moderate,ndf-rt+openfda(a_in_b_label)
Rifampin,Nortriptyline,reported,ndf-rt+openfda(b_in_a_label)
Rifampin,Ondansetron,moderate,ndf-rt+openfda(a_in_b_label)
Rifampin,Oxycodone,severe,ndf-rt+openfda(a_in_b_label)
Rifampin,Propafenone,reported,ndf-rt+openfda(a_in_b_label)
Rifampin,Quinidine,reported,ndf-rt+openfda(a_in_b_label)
Rifampin,Quinine,reported,ndf-rt+openfda(a_in_b_label)
Rifampin,Tamoxifen,reported,ndf-rt+openfda(a_in_b_label)
Rifampin,Verapamil,moderate,ndf-rt+openfda(a_in_b_label)
Rifampin,Warfarin,reported,ndf-rt+openfda(a_in_b_label)
Rifampin,Simvastatin,reported,ndf-rt+openfda(b_in_a_label)
Rifampin,Itraconazole,severe,ndf-rt+openfda(b_in_a_label)
Rifampin,Paclitaxel,moderate,ndf-rt+openfda(a_in_b_label)
Rifampin,Risperidone,reported,ndf-rt+openfda(a_in_b_label)
Rifampin,Tacrolimus,moderate,ndf-rt+openfda(a_in_b_label)
Rifampin,Lamotrigine,reported,ndf-rt+openfda(a_in_b_label)
Rifampin,Losartan,moderate,ndf-rt+openfda(a_in_b_label)
Rifampin,Mycophenolate Mofetil,reported,ndf-rt+openfda(a_in_b_label)
Rifampin,Saquinavir,severe,ndf-rt+openfda(b_in_a_label)
Rifampin,Glimepiride,reported,ndf-rt+openfda(a_in_b_label)
Rifampin,Ritonavir,severe,ndf-rt+openfda(a_in_b_label)
Rifampin,Nevirapine,moderate,ndf-rt+openfda(a_in_b_label)
Rifampin,Repaglinide,moderate,ndf-rt+openfda(a_in_b_label)
Rifampin,Efavirenz,moderate,ndf-rt+openfda(a_in_b_label)
Rifampin,Rosiglitazone,reported,ndf-rt+openfda(b_in_a_label)
Rifampin,Pioglitazone,reported,ndf-rt+openfda(a_in_b_label)
Rifampin,Sirolimus,moderate,ndf-rt+openfda(a_in_b_label)
Rifampin,Imatinib,moderate,ndf-rt+openfda(a_in_b_label)
Rifampin,Voriconazole,severe,ndf-rt+openfda(a_in_b_label)
Rifampin,Aripiprazole,reported,ndf-rt+openfda(a_in_b_label)
Rifampin,Aprepitant,severe,ndf-rt+openfda(a_in_b_label)
Rifampin,Fosamprenavir,moderate,ndf-rt+openfda(a_in_b_label)
Rifampin,Mycophenolic Acid,severe,ndf-rt+openfda(a_in_b_label)
Rifampin,Telithromycin,severe,ndf-rt+openfda(b_in_a_label)
Rifampin,Erlotinib,reported,ndf-rt+openfda(a_in_b_label)
Rifampin,Indinavir,reported,ndf-rt+openfda(b_in_a_label)
Rifampin,Irinotecan,reported,ndf-rt+openfda(a_in_b_label)
Rifampin,Atorvastatin,moderate,ndf-rt+openfda(a_in_b_label)
Rifampin,Nelfinavir,moderate,ndf-rt+openfda(a_in_b_label)
Rifampin,Quetiapine,reported,ndf-rt+openfda(a_in_b_label)
Rifampin,Toremifene,moderate,ndf-rt+openfda(a_in_b_label)
Rifampin,Atazanavir,severe,ndf-rt+openfda(a_in_b_label)
Rifampin,Tipranavir,severe,ndf-rt+openfda(b_in_a_label)
Rifampin,Ramelteon,moderate,ndf-rt+openfda(a_in_b_label)
Rifampin,Sorafenib,moderate,ndf-rt+openfda(a_in_b_label)
Rifampin,Ranolazine,severe,ndf-rt+openfda(a_in_b_label)
Rifampin,Darunavir,severe,ndf-rt+openfda(a_in_b_label)
Rifampin,Mycophenolate,reported,ndf-rt+openfda(a_in_b_label)
Rifampin,Paliperidone,moderate,ndf-rt+openfda(a_in_b_label)
Rifampin,Temsirolimus,reported,ndf-rt+openfda(a_in_b_label)
Rifampin,Raltegravir,moderate,ndf-rt+openfda(a_in_b_label)
Rifampin,Etravirine,severe,ndf-rt+openfda(a_in_b_label)
Rifampin,Fesoterodine,moderate,ndf-rt+openfda(a_in_b_label)
Rifampin,Everolimus,moderate,ndf-rt+openfda(a_in_b_label)
Rifampin,Dronedarone,severe,ndf-rt+openfda(a_in_b_label)
Rifampin,Romidepsin,moderate,ndf-rt+openfda(a_in_b_label)
Rifampin,Pitavastatin,reported,ndf-rt+openfda(a_in_b_label)
Rifampin,Ulipristal,moderate,ndf-rt+openfda(a_in_b_label)
Rifampin,Lurasidone,severe,ndf-rt+openfda(a_in_b_label)
Rifampin,Abiraterone,moderate,ndf-rt+openfda(a_in_b_label)
Rifampin,Linagliptin,moderate,ndf-rt+openfda(a_in_b_label)
Rifampin,Telaprevir,moderate,ndf-rt+openfda(b_in_a_label)
Rifampin,Rilpivirine,severe,ndf-rt+openfda(a_in_b_label)
Rifampin,Rivaroxaban,moderate,ndf-rt+openfda(a_in_b_label)
Rifampin,Ticagrelor,reported,ndf-rt+openfda(a_in_b_label)
Rifampin,Axitinib,reported,ndf-rt+openfda(a_in_b_label)
Rifampin,Ivacaftor,reported,ndf-rt+openfda(a_in_b_label)
Piroxicam,Ketorolac Tromethamine,reported,ndf-rt+openfda(a_in_b_label)
Piroxicam,Lithium,moderate,ndf-rt+openfda(a_in_b_label)
Piroxicam,Methotrexate,moderate,ndf-rt+openfda(b_in_a_label)
Piroxicam,Propranolol,reported,ndf-rt+openfda(b_in_a_label)
Piroxicam,Warfarin,reported,ndf-rt+openfda(a_in_b_label)
Piroxicam,Pemetrexed,severe,ndf-rt+openfda(b_in_a_label)
Phenelzine Sulfate,Phenylalanine,reported,ndf-rt+openfda(b_in_a_label)
Phenelzine Sulfate,Tryptophan,reported,ndf-rt+openfda(b_in_a_label)
Phenelzine Sulfate,Tyrosine,reported,ndf-rt+openfda(b_in_a_label)
Phenelzine Sulfate,Amitriptyline,moderate,ndf-rt+openfda(b_in_a_label)
Phenelzine Sulfate,Bupropion,severe,ndf-rt+openfda(b_in_a_label)
Phenelzine Sulfate,Buspirone,reported,ndf-rt+openfda(b_in_a_label)
Phenelzine Sulfate,Clomipramine,moderate,ndf-rt+openfda(b_in_a_label)
Phenelzine Sulfate,Cocaine,reported,ndf-rt+openfda(b_in_a_label)
Phenelzine Sulfate,Cyclobenzaprine,moderate,ndf-rt+openfda(b_in_a_label)
Phenelzine Sulfate,Desipramine,moderate,ndf-rt+openfda(b_in_a_label)
Phenelzine Sulfate,Dopamine,reported,ndf-rt+openfda(b_in_a_label)
Phenelzine Sulfate,Doxepin,moderate,ndf-rt+openfda(b_in_a_label)
Phenelzine Sulfate,Fluoxetine,severe,ndf-rt+openfda(b_in_a_label)
Phenelzine Sulfate,Imipramine,moderate,ndf-rt+openfda(b_in_a_label)
Phenelzine Sulfate,Maprotiline,moderate,ndf-rt+openfda(b_in_a_label)
Phenelzine Sulfate,Meperidine,severe,ndf-rt+openfda(b_in_a_label)
Phenelzine Sulfate,Methylphenidate,reported,ndf-rt+openfda(b_in_a_label)
Phenelzine Sulfate,Norepinephrine,reported,ndf-rt+openfda(b_in_a_label)
Phenelzine Sulfate,Nortriptyline,moderate,ndf-rt+openfda(b_in_a_label)
Phenelzine Sulfate,Procarbazine,severe,ndf-rt+openfda(b_in_a_label)
Phenelzine Sulfate,Protriptyline,moderate,ndf-rt+openfda(b_in_a_label)
Phenelzine Sulfate,Trimipramine,moderate,ndf-rt+openfda(b_in_a_label)
Phenelzine Sulfate,Sertraline,severe,ndf-rt+openfda(b_in_a_label)
Phenelzine Sulfate,Paroxetine,severe,ndf-rt+openfda(b_in_a_label)
Phenelzine Sulfate,Mirtazapine,moderate,ndf-rt+openfda(b_in_a_label)
Phenelzine Sulfate,Citalopram,severe,ndf-rt+openfda(b_in_a_label)
Phenelzine Sulfate,Venlafaxine,severe,ndf-rt+openfda(b_in_a_label)
Phenelzine Sulfate,Fluvoxamine,severe,ndf-rt+openfda(b_in_a_label)
Phenelzine Sulfate,Dexfenfluramine,severe,ndf-rt+openfda(b_in_a_label)
Gemfibrozil,Lovastatin,severe,ndf-rt+openfda(a_in_b_label)
Gemfibrozil,Warfarin,moderate,ndf-rt+openfda(b_in_a_label)
Gemfibrozil,Simvastatin,severe,ndf-rt+openfda(a_in_b_label)
Gemfibrozil,Pravastatin,moderate,ndf-rt+openfda(a_in_b_label)
Gemfibrozil,Repaglinide,severe,ndf-rt+openfda(a_in_b_label)
Gemfibrozil,Pioglitazone,reported,ndf-rt+openfda(a_in_b_label)
Gemfibrozil,Bexarotene,severe,ndf-rt+openfda(a_in_b_label)
Gemfibrozil,Ezetimibe,severe,ndf-rt+openfda(a_in_b_label)
Gemfibrozil,Rosuvastatin,moderate,ndf-rt+openfda(a_in_b_label)
Gemfibrozil,Fluvastatin,moderate,ndf-rt+openfda(a_in_b_label)
Gemfibrozil,Atorvastatin,moderate,ndf-rt+openfda(a_in_b_label)
Gemfibrozil,Pitavastatin,severe,ndf-rt+openfda(a_in_b_label)
Betamethasone,Warfarin,moderate,ndf-rt+openfda(b_in_a_label)
Salicylic Acid,Methotrexate,moderate,ndf-rt+openfda(b_in_a_label)
Salicylic Acid,Varicella,reported,ndf-rt+openfda(b_in_a_label)
Tryptophan,Fluoxetine,moderate,ndf-rt+openfda(a_in_b_label)
Tryptophan,Tranylcypromine,severe,ndf-rt+openfda(a_in_b_label)
Sodium Lactate,Ephedrine,moderate,ndf-rt+openfda(b_in_a_label)
Dicumarol,Ketorolac Tromethamine,moderate,ndf-rt+openfda(a_in_b_label)
Calcium Acetate,Ciprofloxacin,severe,ndf-rt+openfda(b_in_a_label)
Valproic Acid,Zidovudine,moderate,ndf-rt+openfda(b_in_a_label)
Valproic Acid,Amitriptyline,moderate,ndf-rt+openfda(b_in_a_label)
Valproic Acid,Nortriptyline,moderate,ndf-rt+openfda(b_in_a_label)
Valproic Acid,Warfarin,moderate,ndf-rt+openfda(b_in_a_label)
Valproic Acid,Lamotrigine,moderate,ndf-rt+openfda(b_in_a_label)
Valproic Acid,Meropenem,severe,ndf-rt+openfda(a_in_b_label)
Valproic Acid,Topiramate,moderate,ndf-rt+openfda(a_in_b_label)
Valproic Acid,Ertapenem,severe,ndf-rt+openfda(a_in_b_label)
Valproic Acid,Fosphenytoin,moderate,ndf-rt+openfda(a_in_b_label)
Valproic Acid,Rufinamide,moderate,ndf-rt+openfda(b_in_a_label)
Valproic Acid,Vorinostat,severe,ndf-rt+openfda(a_in_b_label)
Valproate Sodium,Zidovudine,moderate,ndf-rt+openfda(b_in_a_label)
Valproate Sodium,Amitriptyline,moderate,ndf-rt+openfda(b_in_a_label)
Valproate Sodium,Nortriptyline,moderate,ndf-rt+openfda(b_in_a_label)
Valproate Sodium,Warfarin,moderate,ndf-rt+openfda(b_in_a_label)
Valproate Sodium,Lamotrigine,moderate,ndf-rt+openfda(b_in_a_label)
Valproate Sodium,Meropenem,moderate,ndf-rt+openfda(b_in_a_label)
Valproate Sodium,Topiramate,moderate,ndf-rt+openfda(b_in_a_label)
Valproate Sodium,Ertapenem,moderate,ndf-rt+openfda(b_in_a_label)
Valproate Sodium,Fosphenytoin,moderate,ndf-rt+openfda(a_in_b_label)
Valproate Sodium,Rufinamide,moderate,ndf-rt+openfda(b_in_a_label)
Fentanyl,Ketoconazole,moderate,ndf-rt+openfda(a_in_b_label)
Fentanyl,Fluconazole,severe,ndf-rt+openfda(a_in_b_label)
Fentanyl,Amiodarone,moderate,ndf-rt+openfda(a_in_b_label)
Fentanyl,Buprenorphine,moderate,ndf-rt+openfda(b_in_a_label)
Fentanyl,Butorphanol,moderate,ndf-rt+openfda(b_in_a_label)
Fentanyl,Nalbuphine,moderate,ndf-rt+openfda(b_in_a_label)
Fentanyl,Tranylcypromine,severe,ndf-rt+openfda(a_in_b_label)
Fentanyl,Itraconazole,severe,ndf-rt+openfda(a_in_b_label)
Fentanyl,Ritonavir,severe,ndf-rt+openfda(a_in_b_label)
Fentanyl,Linezolid,moderate,ndf-rt+openfda(b_in_a_label)
Fentanyl,Mifepristone,severe,ndf-rt+openfda(a_in_b_label)
Fentanyl,Voriconazole,moderate,ndf-rt+openfda(a_in_b_label)
Fentanyl,Fosamprenavir,severe,ndf-rt+openfda(a_in_b_label)
Fentanyl,Atazanavir,severe,ndf-rt+openfda(a_in_b_label)
Indapamide,Lithium,reported,ndf-rt+openfda(b_in_a_label)
Methylergonovine Maleate,Ketoconazole,moderate,ndf-rt+openfda(b_in_a_label)
Methylergonovine Maleate,Clarithromycin,moderate,ndf-rt+openfda(b_in_a_label)
Methylergonovine Maleate,Itraconazole,moderate,ndf-rt+openfda(b_in_a_label)
Methylergonovine Maleate,Nefazodone,moderate,ndf-rt+openfda(b_in_a_label)
Methylergonovine Maleate,Saquinavir,moderate,ndf-rt+openfda(b_in_a_label)
Methylergonovine Maleate,Ritonavir,moderate,ndf-rt+openfda(b_in_a_label)
Methylergonovine Maleate,Voriconazole,moderate,ndf-rt+openfda(b_in_a_label)
Methylergonovine Maleate,Indinavir,moderate,ndf-rt+openfda(b_in_a_label)
Methylergonovine Maleate,Nelfinavir,moderate,ndf-rt+openfda(b_in_a_label)
Methylergonovine Maleate,Delavirdine,moderate,ndf-rt+openfda(b_in_a_label)
Pindolol,Thioridazine,severe,ndf-rt+openfda(a_in_b_label)
Cyclosporine,Digitalis,moderate,ndf-rt+openfda(b_in_a_label)
Cyclosporine,Ketoconazole,moderate,ndf-rt+openfda(a_in_b_label)
Cyclosporine,Lovastatin,reported,ndf-rt+openfda(a_in_b_label)
Cyclosporine,Fluconazole,moderate,ndf-rt+openfda(a_in_b_label)
Cyclosporine,Amiloride,moderate,ndf-rt+openfda(a_in_b_label)
Cyclosporine,Amiodarone,moderate,ndf-rt+openfda(a_in_b_label)
Cyclosporine,Chloroquine,moderate,ndf-rt+openfda(a_in_b_label)
Cyclosporine,Diclofenac,moderate,ndf-rt+openfda(a_in_b_label)
Cyclosporine,Diltiazem,moderate,ndf-rt+openfda(a_in_b_label)
Cyclosporine,Methotrexate,reported,ndf-rt+openfda(b_in_a_label)
Cyclosporine,Metoclopramide,moderate,ndf-rt+openfda(a_in_b_label)
Cyclosporine,Nafcillin,moderate,ndf-rt+openfda(a_in_b_label)
Cyclosporine,Nicardipine,moderate,ndf-rt+openfda(a_in_b_label)
Cyclosporine,Octreotide,moderate,ndf-rt+openfda(a_in_b_label)
Cyclosporine,Verapamil,moderate,ndf-rt+openfda(a_in_b_label)
Cyclosporine,Clarithromycin,moderate,ndf-rt+openfda(a_in_b_label)
Cyclosporine,Simvastatin,severe,ndf-rt+openfda(a_in_b_label)
Cyclosporine,Ticlopidine,reported,ndf-rt+openfda(b_in_a_label)
Cyclosporine,Foscarnet,reported,ndf-rt+openfda(a_in_b_label)
Cyclosporine,Pravastatin,reported,ndf-rt+openfda(a_in_b_label)
Cyclosporine,Somatropin,moderate,ndf-rt+openfda(a_in_b_label)
Cyclosporine,Itraconazole,severe,ndf-rt+openfda(a_in_b_label)
Cyclosporine,Rifabutin,moderate,ndf-rt+openfda(a_in_b_label)
Cyclosporine,Amlodipine,moderate,ndf-rt+openfda(a_in_b_label)
Cyclosporine,Tacrolimus,moderate,ndf-rt+openfda(a_in_b_label)
Cyclosporine,Nefazodone,moderate,ndf-rt+openfda(a_in_b_label)
Cyclosporine,Saquinavir,moderate,ndf-rt+openfda(b_in_a_label)
Cyclosporine,Ritonavir,severe,ndf-rt+openfda(a_in_b_label)
Cyclosporine,Rifapentine,moderate,ndf-rt+openfda(a_in_b_label)
Cyclosporine,Orlistat,moderate,ndf-rt+openfda(a_in_b_label)
Cyclosporine,Mifepristone,severe,ndf-rt+openfda(a_in_b_label)
Cyclosporine,Caspofungin,moderate,ndf-rt+openfda(a_in_b_label)
Cyclosporine,Bosentan,severe,ndf-rt+openfda(a_in_b_label)
Cyclosporine,Voriconazole,severe,ndf-rt+openfda(a_in_b_label)
Cyclosporine,Ezetimibe,moderate,ndf-rt+openfda(a_in_b_label)
Cyclosporine,Rosuvastatin,moderate,ndf-rt+openfda(a_in_b_label)
Cyclosporine,Fosamprenavir,moderate,ndf-rt+openfda(a_in_b_label)
Cyclosporine,Tinidazole,moderate,ndf-rt+openfda(a_in_b_label)
Cyclosporine,Natalizumab,moderate,ndf-rt+openfda(a_in_b_label)
Cyclosporine,Fluvastatin,moderate,ndf-rt+openfda(a_in_b_label)
Cyclosporine,Indinavir,moderate,ndf-rt+openfda(b_in_a_label)
Cyclosporine,Fosphenytoin,moderate,ndf-rt+openfda(a_in_b_label)
Cyclosporine,Atorvastatin,moderate,ndf-rt+openfda(a_in_b_label)
Cyclosporine,Nelfinavir,reported,ndf-rt+openfda(a_in_b_label)
Cyclosporine,Tolterodine,severe,ndf-rt+openfda(a_in_b_label)
Cyclosporine,Atazanavir,moderate,ndf-rt+openfda(a_in_b_label)
Cyclosporine,Micafungin,reported,ndf-rt+openfda(a_in_b_label)
Cyclosporine,Ranolazine,moderate,ndf-rt+openfda(a_in_b_label)
Cyclosporine,Darunavir,moderate,ndf-rt+openfda(a_in_b_label)
Cyclosporine,Posaconazole,moderate,ndf-rt+openfda(a_in_b_label)
Cyclosporine,Aliskiren,moderate,ndf-rt+openfda(a_in_b_label)
Cyclosporine,Ambrisentan,severe,ndf-rt+openfda(a_in_b_label)
Cyclosporine,Etravirine,moderate,ndf-rt+openfda(a_in_b_label)
Cyclosporine,Everolimus,moderate,ndf-rt+openfda(a_in_b_label)
Cyclosporine,Dronedarone,moderate,ndf-rt+openfda(a_in_b_label)
Cyclosporine,Pitavastatin,severe,ndf-rt+openfda(a_in_b_label)
Cyclosporine,Boceprevir,reported,ndf-rt+openfda(b_in_a_label)
Cyclosporine,Telaprevir,reported,ndf-rt+openfda(b_in_a_label)
Cyclosporine,Ivacaftor,moderate,ndf-rt+openfda(a_in_b_label)
Azathioprine,Mesalamine,moderate,ndf-rt+openfda(a_in_b_label)
Azathioprine,Methotrexate,moderate,ndf-rt+openfda(a_in_b_label)
Azathioprine,Olsalazine,moderate,ndf-rt+openfda(a_in_b_label)
Azathioprine,Warfarin,moderate,ndf-rt+openfda(b_in_a_label)
Azathioprine,Balsalazide,moderate,ndf-rt+openfda(a_in_b_label)
Azathioprine,Natalizumab,moderate,ndf-rt+openfda(a_in_b_label)
Azathioprine,Febuxostat,moderate,ndf-rt+openfda(a_in_b_label)
Mercaptopurine,Mesalamine,moderate,ndf-rt+openfda(a_in_b_label)
Mercaptopurine,Methotrexate,moderate,ndf-rt+openfda(a_in_b_label)
Mercaptopurine,Olsalazine,moderate,ndf-rt+openfda(a_in_b_label)
Mercaptopurine,Warfarin,moderate,ndf-rt+openfda(b_in_a_label)
Mercaptopurine,Natalizumab,moderate,ndf-rt+openfda(a_in_b_label)
Mercaptopurine,Febuxostat,moderate,ndf-rt+openfda(a_in_b_label)
Acyclovir,Foscarnet,reported,ndf-rt+openfda(a_in_b_label)
Acyclovir,Tizanidine,reported,ndf-rt+openfda(a_in_b_label)
Acyclovir,Varicella,reported,ndf-rt+openfda(b_in_a_label)
Aminoglutethimide,Tamoxifen,reported,ndf-rt+openfda(a_in_b_label)
Sulfinpyrazone,Warfarin,moderate,ndf-rt+openfda(a_in_b_label)
Metyrapone,Cyproheptadine,moderate,ndf-rt+openfda(b_in_a_label)
Cholestyramine,Digitalis,reported,ndf-rt+openfda(b_in_a_label)
Cholestyramine,Warfarin,moderate,ndf-rt+openfda(b_in_a_label)
Cholestyramine,Mycophenolate Mofetil,moderate,ndf-rt+openfda(a_in_b_label)
Cholestyramine,Mycophenolic Acid,severe,ndf-rt+openfda(a_in_b_label)
Cholestyramine,Raloxifene,severe,ndf-rt+openfda(a_in_b_label)
Cholestyramine,Deferasirox,reported,ndf-rt+openfda(a_in_b_label)
Cholestyramine,Mycophenolate,moderate,ndf-rt+openfda(a_in_b_label)
Sucralfate,Ciprofloxacin,severe,ndf-rt+openfda(a_in_b_label)
Sucralfate,Norfloxacin,moderate,ndf-rt+openfda(b_in_a_label)
Sucralfate,Ofloxacin,moderate,ndf-rt+openfda(a_in_b_label)
Sucralfate,Levofloxacin,moderate,ndf-rt+openfda(a_in_b_label)
Sucralfate,Moxifloxacin,moderate,ndf-rt+openfda(a_in_b_label)
Sucralfate,Levothyroxine,moderate,ndf-rt+openfda(a_in_b_label)
Salsalate,Ketorolac Tromethamine,moderate,ndf-rt+openfda(a_in_b_label)
Salsalate,Methotrexate,reported,ndf-rt+openfda(b_in_a_label)
Salsalate,Warfarin,reported,ndf-rt+openfda(b_in_a_label)
Cimetidine,Ketoconazole,severe,ndf-rt+openfda(b_in_a_label)
Cimetidine,Clozapine,moderate,ndf-rt+openfda(a_in_b_label)
Cimetidine,Estazolam,moderate,ndf-rt+openfda(a_in_b_label)
Cimetidine,Amitriptyline,reported,ndf-rt+openfda(a_in_b_label)
Cimetidine,Bupropion,reported,ndf-rt+openfda(a_in_b_label)
Cimetidine,Chloroquine,moderate,ndf-rt+openfda(a_in_b_label)
Cimetidine,Clomipramine,moderate,ndf-rt+openfda(a_in_b_label)
Cimetidine,Desipramine,reported,ndf-rt+openfda(a_in_b_label)
Cimetidine,Doxepin,moderate,ndf-rt+openfda(a_in_b_label)
Cimetidine,Imipramine,reported,ndf-rt+openfda(a_in_b_label)
Cimetidine,Metoprolol,reported,ndf-rt+openfda(a_in_b_label)
Cimetidine,Nortriptyline,moderate,ndf-rt+openfda(a_in_b_label)
Cimetidine,Propranolol,moderate,ndf-rt+openfda(a_in_b_label)
Cimetidine,Protriptyline,moderate,ndf-rt+openfda(a_in_b_label)
Cimetidine,Quinidine,reported,ndf-rt+openfda(a_in_b_label)
Cimetidine,Trimipramine,moderate,ndf-rt+openfda(a_in_b_label)
Cimetidine,Warfarin,reported,ndf-rt+openfda(a_in_b_label)
Cimetidine,Paroxetine,reported,ndf-rt+openfda(a_in_b_label)
Cimetidine,Tizanidine,reported,ndf-rt+openfda(a_in_b_label)
Cimetidine,Citalopram,moderate,ndf-rt+openfda(a_in_b_label)
Cimetidine,Epirubicin,moderate,ndf-rt+openfda(a_in_b_label)
Cimetidine,Dofetilide,severe,ndf-rt+openfda(a_in_b_label)
Cimetidine,Venlafaxine,reported,ndf-rt+openfda(a_in_b_label)
Cimetidine,Bisoprolol,moderate,ndf-rt+openfda(a_in_b_label)
Cimetidine,Fosphenytoin,reported,ndf-rt+openfda(a_in_b_label)
Cimetidine,Posaconazole,moderate,ndf-rt+openfda(a_in_b_label)
Cimetidine,Rilpivirine,severe,ndf-rt+openfda(a_in_b_label)
Naproxen,Fluconazole,moderate,ndf-rt+openfda(a_in_b_label)
Naproxen,Ketorolac Tromethamine,reported,ndf-rt+openfda(a_in_b_label)
Naproxen,Lithium,moderate,ndf-rt+openfda(a_in_b_label)
Naproxen,Methotrexate,moderate,ndf-rt+openfda(b_in_a_label)
Naproxen,Warfarin,reported,ndf-rt+openfda(a_in_b_label)
Naproxen,Cilostazol,moderate,ndf-rt+openfda(b_in_a_label)
Naproxen,Voriconazole,severe,ndf-rt+openfda(b_in_a_label)
Naproxen,Pemetrexed,severe,ndf-rt+openfda(b_in_a_label)
Naproxen,Clopidogrel,severe,ndf-rt+openfda(b_in_a_label)
Menthol,Methotrexate,moderate,ndf-rt+openfda(b_in_a_label)
Menthol,Warfarin,moderate,ndf-rt+openfda(b_in_a_label)
Cephalexin,Metformin,severe,ndf-rt+openfda(b_in_a_label)
Digitalis,Amiodarone,moderate,ndf-rt+openfda(a_in_b_label)
Digitalis,Colestipol,moderate,ndf-rt+openfda(a_in_b_label)
Digitalis,Flecainide,moderate,ndf-rt+openfda(a_in_b_label)
Digitalis,Quinidine,reported,ndf-rt+openfda(a_in_b_label)
Digitalis,Verapamil,moderate,ndf-rt+openfda(a_in_b_label)
Digitalis,Carvedilol,moderate,ndf-rt+openfda(a_in_b_label)
Simethicone,Levothyroxine,moderate,ndf-rt+openfda(a_in_b_label)
Vitamin K,Warfarin,moderate,ndf-rt+openfda(a_in_b_label)
Pentamidine Isethionate,Foscarnet,severe,ndf-rt+openfda(b_in_a_label)
Droperidol,Clozapine,reported,ndf-rt+openfda(a_in_b_label)
Droperidol,Propofol,moderate,ndf-rt+openfda(a_in_b_label)
Droperidol,Ziprasidone,reported,ndf-rt+openfda(a_in_b_label)
Mefenamic Acid,Lithium,moderate,ndf-rt+openfda(b_in_a_label)
Mefenamic Acid,Methotrexate,moderate,ndf-rt+openfda(b_in_a_label)
Mefenamic Acid,Warfarin,reported,ndf-rt+openfda(a_in_b_label)
Mefenamic Acid,Pemetrexed,severe,ndf-rt+openfda(b_in_a_label)
Enflurane,Atracurium,moderate,ndf-rt+openfda(a_in_b_label)
Enflurane,Dopamine,moderate,ndf-rt+openfda(a_in_b_label)
Enflurane,Methylphenidate,moderate,ndf-rt+openfda(a_in_b_label)
Enflurane,Norepinephrine,severe,ndf-rt+openfda(a_in_b_label)
Enflurane,Vecuronium,reported,ndf-rt+openfda(a_in_b_label)
Enflurane,Dexmethylphenidate,moderate,ndf-rt+openfda(a_in_b_label)
Isoflurane,Atracurium,moderate,ndf-rt+openfda(a_in_b_label)
Isoflurane,Dopamine,moderate,ndf-rt+openfda(a_in_b_label)
Isoflurane,Methylphenidate,moderate,ndf-rt+openfda(a_in_b_label)
Isoflurane,Norepinephrine,severe,ndf-rt+openfda(a_in_b_label)
Isoflurane,Succinylcholine,reported,ndf-rt+openfda(a_in_b_label)
Isoflurane,Vecuronium,reported,ndf-rt+openfda(a_in_b_label)
Isoflurane,Dexmethylphenidate,moderate,ndf-rt+openfda(a_in_b_label)
Flurbiprofen,Fluconazole,moderate,ndf-rt+openfda(a_in_b_label)
Flurbiprofen,Lithium,moderate,ndf-rt+openfda(b_in_a_label)
Flurbiprofen,Methotrexate,moderate,ndf-rt+openfda(b_in_a_label)
Flurbiprofen,Warfarin,moderate,ndf-rt+openfda(b_in_a_label)
Flurbiprofen,Pemetrexed,severe,ndf-rt+openfda(b_in_a_label)
Ketoconazole,Omeprazole,moderate,ndf-rt+openfda(a_in_b_label)
Ketoconazole,Lovastatin,moderate,ndf-rt+openfda(a_in_b_label)
Ketoconazole,Estazolam,severe,ndf-rt+openfda(a_in_b_label)
Ketoconazole,Alfentanil,moderate,ndf-rt+openfda(b_in_a_label)
Ketoconazole,Buspirone,moderate,ndf-rt+openfda(a_in_b_label)
Ketoconazole,Dihydroergotamine,severe,ndf-rt+openfda(a_in_b_label)
Ketoconazole,Diltiazem,moderate,ndf-rt+openfda(a_in_b_label)
Ketoconazole,Disopyramide,severe,ndf-rt+openfda(a_in_b_label)
Ketoconazole,Guanfacine,moderate,ndf-rt+openfda(a_in_b_label)
Ketoconazole,Mefloquine,reported,ndf-rt+openfda(a_in_b_label)
Ketoconazole,Methadone,reported,ndf-rt+openfda(a_in_b_label)
Ketoconazole,Midazolam,moderate,ndf-rt+openfda(a_in_b_label)
Ketoconazole,Oxycodone,severe,ndf-rt+openfda(a_in_b_label)
Ketoconazole,Quinidine,reported,ndf-rt+openfda(a_in_b_label)
Ketoconazole,Ranitidine,moderate,ndf-rt+openfda(a_in_b_label)
Ketoconazole,Trazodone,moderate,ndf-rt+openfda(a_in_b_label)
Ketoconazole,Verapamil,reported,ndf-rt+openfda(b_in_a_label)
Ketoconazole,Warfarin,reported,ndf-rt+openfda(a_in_b_label)
Ketoconazole,Felodipine,moderate,ndf-rt+openfda(a_in_b_label)
Ketoconazole,Simvastatin,severe,ndf-rt+openfda(a_in_b_label)
Ketoconazole,Paclitaxel,moderate,ndf-rt+openfda(a_in_b_label)
Ketoconazole,Rifabutin,moderate,ndf-rt+openfda(a_in_b_label)
Ketoconazole,Amlodipine,moderate,ndf-rt+openfda(a_in_b_label)
Ketoconazole,Cisapride,severe,ndf-rt+openfda(b_in_a_label)
Ketoconazole,Risperidone,severe,ndf-rt+openfda(b_in_a_label)
Ketoconazole,Tacrolimus,moderate,ndf-rt+openfda(a_in_b_label)
Ketoconazole,Lansoprazole,reported,ndf-rt+openfda(a_in_b_label)
Ketoconazole,Saquinavir,reported,ndf-rt+openfda(b_in_a_label)
Ketoconazole,Nisoldipine,severe,ndf-rt+openfda(b_in_a_label)
Ketoconazole,Ritonavir,moderate,ndf-rt+openfda(a_in_b_label)
Ketoconazole,Docetaxel,moderate,ndf-rt+openfda(a_in_b_label)
Ketoconazole,Nevirapine,moderate,ndf-rt+openfda(a_in_b_label)
Ketoconazole,Rifapentine,reported,ndf-rt+openfda(a_in_b_label)
Ketoconazole,Efavirenz,moderate,ndf-rt+openfda(a_in_b_label)
Ketoconazole,Trastuzumab,moderate,ndf-rt+openfda(a_in_b_label)
Ketoconazole,Cilostazol,moderate,ndf-rt+openfda(a_in_b_label)
Ketoconazole,Rabeprazole,moderate,ndf-rt+openfda(a_in_b_label)
Ketoconazole,Sirolimus,moderate,ndf-rt+openfda(a_in_b_label)
Ketoconazole,Alosetron,moderate,ndf-rt+openfda(a_in_b_label)
Ketoconazole,Dofetilide,severe,ndf-rt+openfda(a_in_b_label)
Ketoconazole,Pantoprazole,reported,ndf-rt+openfda(a_in_b_label)
Ketoconazole,Mifepristone,moderate,ndf-rt+openfda(a_in_b_label)
Ketoconazole,Ziprasidone,reported,ndf-rt+openfda(a_in_b_label)
Ketoconazole,Esomeprazole,moderate,ndf-rt+openfda(a_in_b_label)
Ketoconazole,Almotriptan,severe,ndf-rt+openfda(a_in_b_label)
Ketoconazole,Bosentan,moderate,ndf-rt+openfda(a_in_b_label)
Ketoconazole,Eplerenone,severe,ndf-rt+openfda(a_in_b_label)
Ketoconazole,Aripiprazole,moderate,ndf-rt+openfda(a_in_b_label)
Ketoconazole,Eletriptan,severe,ndf-rt+openfda(a_in_b_label)
Ketoconazole,Alfuzosin,severe,ndf-rt+openfda(a_in_b_label)
Ketoconazole,Vardenafil,moderate,ndf-rt+openfda(a_in_b_label)
Ketoconazole,Fosamprenavir,moderate,ndf-rt+openfda(a_in_b_label)
Ketoconazole,Tadalafil,moderate,ndf-rt+openfda(a_in_b_label)
Ketoconazole,Cinacalcet,moderate,ndf-rt+openfda(a_in_b_label)
Ketoconazole,Telithromycin,moderate,ndf-rt+openfda(b_in_a_label)
Ketoconazole,Ergonovine,moderate,ndf-rt+openfda(b_in_a_label)
Ketoconazole,Ergotamine,severe,ndf-rt+openfda(a_in_b_label)
Ketoconazole,Zolpidem,moderate,ndf-rt+openfda(a_in_b_label)
Ketoconazole,Venlafaxine,moderate,ndf-rt+openfda(a_in_b_label)
Ketoconazole,Salmeterol,severe,ndf-rt+openfda(a_in_b_label)
Ketoconazole,Indinavir,reported,ndf-rt+openfda(b_in_a_label)
Ketoconazole,Irinotecan,reported,ndf-rt+openfda(a_in_b_label)
Ketoconazole,Fosphenytoin,moderate,ndf-rt+openfda(a_in_b_label)
Ketoconazole,Atorvastatin,moderate,ndf-rt+openfda(a_in_b_label)
Ketoconazole,Tamsulosin,severe,ndf-rt+openfda(a_in_b_label)
Ketoconazole,Quetiapine,moderate,ndf-rt+openfda(a_in_b_label)
Ketoconazole,Toremifene,reported,ndf-rt+openfda(a_in_b_label)
Ketoconazole,Sildenafil,reported,ndf-rt+openfda(a_in_b_label)
Ketoconazole,Tolterodine,moderate,ndf-rt+openfda(a_in_b_label)
Ketoconazole,Solifenacin,severe,ndf-rt+openfda(a_in_b_label)
Ketoconazole,Darifenacin,moderate,ndf-rt+openfda(a_in_b_label)
Ketoconazole,Eszopiclone,moderate,ndf-rt+openfda(a_in_b_label)
Ketoconazole,Ranolazine,severe,ndf-rt+openfda(a_in_b_label)
Ketoconazole,Darunavir,moderate,ndf-rt+openfda(a_in_b_label)
Ketoconazole,Dasatinib,severe,ndf-rt+openfda(b_in_a_label)
Ketoconazole,Aliskiren,moderate,ndf-rt+openfda(b_in_a_label)
Ketoconazole,Lapatinib,moderate,ndf-rt+openfda(a_in_b_label)
Ketoconazole,Temsirolimus,moderate,ndf-rt+openfda(a_in_b_label)
Ketoconazole,Maraviroc,reported,ndf-rt+openfda(b_in_a_label)
Ketoconazole,Ixabepilone,severe,ndf-rt+openfda(b_in_a_label)
Ketoconazole,Nilotinib,severe,ndf-rt+openfda(b_in_a_label)
Ketoconazole,Etravirine,moderate,ndf-rt+openfda(a_in_b_label)
Ketoconazole,Silodosin,severe,ndf-rt+openfda(a_in_b_label)
Ketoconazole,Fesoterodine,severe,ndf-rt+openfda(a_in_b_label)
Ketoconazole,Dexlansoprazole,moderate,ndf-rt+openfda(a_in_b_label)
Ketoconazole,Everolimus,moderate,ndf-rt+openfda(a_in_b_label)
Ketoconazole,Iloperidone,reported,ndf-rt+openfda(a_in_b_label)
Ketoconazole,Tolvaptan,moderate,ndf-rt+openfda(a_in_b_label)
Ketoconazole,Dronedarone,severe,ndf-rt+openfda(a_in_b_label)
Ketoconazole,Saxagliptin,moderate,ndf-rt+openfda(a_in_b_label)
Ketoconazole,Cabazitaxel,moderate,ndf-rt+openfda(a_in_b_label)
Ketoconazole,Lurasidone,severe,ndf-rt+openfda(a_in_b_label)
Ketoconazole,Rivaroxaban,moderate,ndf-rt+openfda(a_in_b_label)
Ketoconazole,Ticagrelor,reported,ndf-rt+openfda(a_in_b_label)
Ketoconazole,Axitinib,moderate,ndf-rt+openfda(a_in_b_label)
Ketoconazole,Ivacaftor,moderate,ndf-rt+openfda(a_in_b_label)
Ephedrine,Selegiline,moderate,ndf-rt+openfda(a_in_b_label)
Ephedrine,Tranylcypromine,severe,ndf-rt+openfda(a_in_b_label)
Terfenadine,Quinine,moderate,ndf-rt+openfda(a_in_b_label)
Terfenadine,Azithromycin,severe,ndf-rt+openfda(a_in_b_label)
Terfenadine,Clarithromycin,severe,ndf-rt+openfda(a_in_b_label)
Terfenadine,Nefazodone,severe,ndf-rt+openfda(a_in_b_label)
Ribavirin,Zidovudine,moderate,ndf-rt+openfda(a_in_b_label)
Ribavirin,Didanosine,severe,ndf-rt+openfda(b_in_a_label)
Ciprofloxacin,Clozapine,severe,ndf-rt+openfda(a_in_b_label)
Ciprofloxacin,Methotrexate,moderate,ndf-rt+openfda(b_in_a_label)
Ciprofloxacin,Quinidine,severe,ndf-rt+openfda(a_in_b_label)
Ciprofloxacin,Warfarin,reported,ndf-rt+openfda(a_in_b_label)
Ciprofloxacin,Didanosine,reported,ndf-rt+openfda(b_in_a_label)
Ciprofloxacin,Glimepiride,severe,ndf-rt+openfda(b_in_a_label)
Ciprofloxacin,Tizanidine,severe,ndf-rt+openfda(a_in_b_label)
Ciprofloxacin,Duloxetine,moderate,ndf-rt+openfda(a_in_b_label)
Ciprofloxacin,Metformin,severe,ndf-rt+openfda(a_in_b_label)
Ciprofloxacin,Anagrelide,moderate,ndf-rt+openfda(a_in_b_label)
Ciprofloxacin,Ropinirole,moderate,ndf-rt+openfda(a_in_b_label)
Ciprofloxacin,Sevelamer,moderate,ndf-rt+openfda(a_in_b_label)
Ciprofloxacin,Lanthanum,moderate,ndf-rt+openfda(a_in_b_label)
Ciprofloxacin,Rasagiline,severe,ndf-rt+openfda(a_in_b_label)
Ciprofloxacin,Asenapine,moderate,ndf-rt+openfda(a_in_b_label)
Nizatidine,Rilpivirine,severe,ndf-rt+openfda(a_in_b_label)
Astemizole,Quinine,moderate,ndf-rt+openfda(a_in_b_label)
Astemizole,Clarithromycin,severe,ndf-rt+openfda(a_in_b_label)
Astemizole,Sotalol,moderate,ndf-rt+openfda(a_in_b_label)
Astemizole,Nefazodone,severe,ndf-rt+openfda(a_in_b_label)
Lisinopril,Amiloride,moderate,ndf-rt+openfda(b_in_a_label)
Lisinopril,Lithium,moderate,ndf-rt+openfda(a_in_b_label)
Lisinopril,Sirolimus,moderate,ndf-rt+openfda(b_in_a_label)
Lisinopril,Aliskiren,reported,ndf-rt+openfda(b_in_a_label)
Lisinopril,Temsirolimus,moderate,ndf-rt+openfda(b_in_a_label)
Lisinopril,Everolimus,moderate,ndf-rt+openfda(b_in_a_label)
Nimodipine,Clarithromycin,severe,ndf-rt+openfda(b_in_a_label)
Nimodipine,Telithromycin,severe,ndf-rt+openfda(b_in_a_label)
Nimodipine,Fosphenytoin,moderate,ndf-rt+openfda(a_in_b_label)
Methyl Salicylate,Warfarin,moderate,ndf-rt+openfda(b_in_a_label)
Omeprazole,Methotrexate,moderate,ndf-rt+openfda(a_in_b_label)
Omeprazole,Itraconazole,moderate,ndf-rt+openfda(a_in_b_label)
Omeprazole,Tacrolimus,moderate,ndf-rt+openfda(a_in_b_label)
Omeprazole,Mycophenolate Mofetil,moderate,ndf-rt+openfda(b_in_a_label)
Omeprazole,Citalopram,reported,ndf-rt+openfda(a_in_b_label)
Omeprazole,Cilostazol,reported,ndf-rt+openfda(a_in_b_label)
Omeprazole,Mycophenolic Acid,reported,ndf-rt+openfda(b_in_a_label)
Omeprazole,Erlotinib,reported,ndf-rt+openfda(a_in_b_label)
Omeprazole,Indinavir,severe,ndf-rt+openfda(b_in_a_label)
Omeprazole,Nelfinavir,moderate,ndf-rt+openfda(a_in_b_label)
Omeprazole,Clopidogrel,moderate,ndf-rt+openfda(a_in_b_label)
Omeprazole,Atazanavir,moderate,ndf-rt+openfda(a_in_b_label)
Omeprazole,Dasatinib,moderate,ndf-rt+openfda(b_in_a_label)
Omeprazole,Mycophenolate,moderate,ndf-rt+openfda(b_in_a_label)
Omeprazole,Posaconazole,severe,ndf-rt+openfda(b_in_a_label)
Omeprazole,Clobazam,severe,ndf-rt+openfda(a_in_b_label)
Omeprazole,Nilotinib,moderate,ndf-rt+openfda(b_in_a_label)
Omeprazole,Rilpivirine,severe,ndf-rt+openfda(a_in_b_label)
Lovastatin,Amiodarone,moderate,ndf-rt+openfda(a_in_b_label)
Lovastatin,Diltiazem,reported,ndf-rt+openfda(a_in_b_label)
Lovastatin,Verapamil,moderate,ndf-rt+openfda(a_in_b_label)
Lovastatin,Warfarin,moderate,ndf-rt+openfda(b_in_a_label)
Lovastatin,Clarithromycin,severe,ndf-rt+openfda(a_in_b_label)
Lovastatin,Itraconazole,severe,ndf-rt+openfda(a_in_b_label)
Lovastatin,Nefazodone,reported,ndf-rt+openfda(a_in_b_label)
Lovastatin,Ritonavir,severe,ndf-rt+openfda(a_in_b_label)
Lovastatin,Mifepristone,severe,ndf-rt+openfda(a_in_b_label)
Lovastatin,Voriconazole,reported,ndf-rt+openfda(b_in_a_label)
Lovastatin,Fosamprenavir,severe,ndf-rt+openfda(a_in_b_label)
Lovastatin,Telithromycin,severe,ndf-rt+openfda(b_in_a_label)
Lovastatin,Nelfinavir,moderate,ndf-rt+openfda(a_in_b_label)
Lovastatin,Atazanavir,severe,ndf-rt+openfda(a_in_b_label)
Lovastatin,Darunavir,severe,ndf-rt+openfda(a_in_b_label)
Lovastatin,Posaconazole,severe,ndf-rt+openfda(a_in_b_label)
Lovastatin,Dronedarone,reported,ndf-rt+openfda(b_in_a_label)
Lovastatin,Boceprevir,severe,ndf-rt+openfda(b_in_a_label)
Lovastatin,Telaprevir,severe,ndf-rt+openfda(b_in_a_label)
Lovastatin,Ticagrelor,moderate,ndf-rt+openfda(a_in_b_label)
Clozapine,Amiodarone,moderate,ndf-rt+openfda(b_in_a_label)
Clozapine,Fluoxetine,reported,ndf-rt+openfda(a_in_b_label)
Clozapine,Thioridazine,moderate,ndf-rt+openfda(b_in_a_label)
Clozapine,Sertraline,moderate,ndf-rt+openfda(b_in_a_label)
Clozapine,Paroxetine,moderate,ndf-rt+openfda(b_in_a_label)
Clozapine,Tacrolimus,moderate,ndf-rt+openfda(b_in_a_label)
Clozapine,Ritonavir,severe,ndf-rt+openfda(a_in_b_label)
Clozapine,Ziprasidone,moderate,ndf-rt+openfda(b_in_a_label)
Clozapine,Terbinafine,moderate,ndf-rt+openfda(b_in_a_label)
Clozapine,Fluvoxamine,moderate,ndf-rt+openfda(a_in_b_label)
Clozapine,Fosphenytoin,moderate,ndf-rt+openfda(a_in_b_label)
Clozapine,Escitalopram,moderate,ndf-rt+openfda(b_in_a_label)
Fluconazole,Alfentanil,reported,ndf-rt+openfda(b_in_a_label)
Fluconazole,Amiodarone,moderate,ndf-rt+openfda(b_in_a_label)
Fluconazole,Amitriptyline,moderate,ndf-rt+openfda(b_in_a_label)
Fluconazole,Diclofenac,moderate,ndf-rt+openfda(b_in_a_label)
Fluconazole,Methadone,reported,ndf-rt+openfda(a_in_b_label)
Fluconazole,Midazolam,moderate,ndf-rt+openfda(a_in_b_label)
Fluconazole,Nortriptyline,moderate,ndf-rt+openfda(b_in_a_label)
Fluconazole,Quinidine,moderate,ndf-rt+openfda(b_in_a_label)
Fluconazole,Vinblastine,moderate,ndf-rt+openfda(b_in_a_label)
Fluconazole,Vincristine,moderate,ndf-rt+openfda(a_in_b_label)
Fluconazole,Warfarin,moderate,ndf-rt+openfda(a_in_b_label)
Fluconazole,Azithromycin,moderate,ndf-rt+openfda(a_in_b_label)
Fluconazole,Clarithromycin,moderate,ndf-rt+openfda(a_in_b_label)
Fluconazole,Felodipine,moderate,ndf-rt+openfda(b_in_a_label)
Fluconazole,Simvastatin,moderate,ndf-rt+openfda(b_in_a_label)
Fluconazole,Rifabutin,moderate,ndf-rt+openfda(a_in_b_label)
Fluconazole,Cisapride,severe,ndf-rt+openfda(b_in_a_label)
Fluconazole,Tacrolimus,moderate,ndf-rt+openfda(a_in_b_label)
Fluconazole,Saquinavir,moderate,ndf-rt+openfda(b_in_a_label)
Fluconazole,Glimepiride,reported,ndf-rt+openfda(a_in_b_label)
Fluconazole,Rifapentine,reported,ndf-rt+openfda(a_in_b_label)
Fluconazole,Celecoxib,moderate,ndf-rt+openfda(a_in_b_label)
Fluconazole,Sirolimus,moderate,ndf-rt+openfda(a_in_b_label)
Fluconazole,Meloxicam,reported,ndf-rt+openfda(a_in_b_label)
Fluconazole,Bosentan,moderate,ndf-rt+openfda(a_in_b_label)
Fluconazole,Voriconazole,severe,ndf-rt+openfda(a_in_b_label)
Fluconazole,Eplerenone,severe,ndf-rt+openfda(a_in_b_label)
Fluconazole,Fluvastatin,moderate,ndf-rt+openfda(a_in_b_label)
Fluconazole,Fosphenytoin,moderate,ndf-rt+openfda(a_in_b_label)
Fluconazole,Atorvastatin,reported,ndf-rt+openfda(b_in_a_label)
Fluconazole,Halofantrine,reported,ndf-rt+openfda(b_in_a_label)
Fluconazole,Ranolazine,severe,ndf-rt+openfda(a_in_b_label)
Fluconazole,Clobazam,severe,ndf-rt+openfda(a_in_b_label)
Fluconazole,Everolimus,moderate,ndf-rt+openfda(a_in_b_label)
Fluconazole,Tolvaptan,moderate,ndf-rt+openfda(b_in_a_label)
Fluconazole,Lurasidone,reported,ndf-rt+openfda(a_in_b_label)
Fluconazole,Ruxolitinib,moderate,ndf-rt+openfda(a_in_b_label)
Fluconazole,Ivacaftor,moderate,ndf-rt+openfda(a_in_b_label)
Enalaprilat,Amiloride,moderate,ndf-rt+openfda(b_in_a_label)
Enalaprilat,Lithium,moderate,ndf-rt+openfda(b_in_a_label)
Propofol,Sevoflurane,moderate,ndf-rt+openfda(a_in_b_label)
Zidovudine,Doxorubicin,moderate,ndf-rt+openfda(b_in_a_label)
Zidovudine,Ganciclovir,reported,ndf-rt+openfda(a_in_b_label)
Zidovudine,Methadone,reported,ndf-rt+openfda(a_in_b_label)
Zidovudine,Rifabutin,moderate,ndf-rt+openfda(a_in_b_label)
Norfloxacin,Warfarin,reported,ndf-rt+openfda(a_in_b_label)
Norfloxacin,Dofetilide,reported,ndf-rt+openfda(a_in_b_label)
Capsaicin,Methotrexate,moderate,ndf-rt+openfda(b_in_a_label)
Ketorolac Tromethamine,Diclofenac,moderate,ndf-rt+openfda(b_in_a_label)
Ketorolac Tromethamine,Lithium,severe,ndf-rt+openfda(b_in_a_label)
Ketorolac Tromethamine,Methotrexate,moderate,ndf-rt+openfda(b_in_a_label)
Ketorolac Tromethamine,Warfarin,reported,ndf-rt+openfda(b_in_a_label)
Ketorolac Tromethamine,Nabumetone,moderate,ndf-rt+openfda(b_in_a_label)
Ketorolac Tromethamine,Meloxicam,moderate,ndf-rt+openfda(b_in_a_label)
Ketorolac Tromethamine,Pemetrexed,severe,ndf-rt+openfda(b_in_a_label)
Etodolac,Lithium,moderate,ndf-rt+openfda(b_in_a_label)
Etodolac,Methotrexate,moderate,ndf-rt+openfda(b_in_a_label)
Etodolac,Warfarin,severe,ndf-rt+openfda(b_in_a_label)
Ramipril,Amiloride,moderate,ndf-rt+openfda(b_in_a_label)
Ramipril,Lithium,moderate,ndf-rt+openfda(b_in_a_label)
Ramipril,Aliskiren,severe,ndf-rt+openfda(b_in_a_label)
Ramipril,Temsirolimus,moderate,ndf-rt+openfda(a_in_b_label)
Estazolam,Diltiazem,moderate,ndf-rt+openfda(b_in_a_label)
Estazolam,Itraconazole,severe,ndf-rt+openfda(b_in_a_label)
Estazolam,Nefazodone,moderate,ndf-rt+openfda(b_in_a_label)
Estazolam,Ritonavir,severe,ndf-rt+openfda(a_in_b_label)
Estazolam,Fluvoxamine,moderate,ndf-rt+openfda(b_in_a_label)
Ofloxacin,Warfarin,moderate,ndf-rt+openfda(b_in_a_label)
Ofloxacin,Didanosine,reported,ndf-rt+openfda(b_in_a_label)
Ofloxacin,Toremifene,moderate,ndf-rt+openfda(a_in_b_label)
Atropine,Pramlintide,moderate,ndf-rt+openfda(a_in_b_label)
Alfentanil,Clarithromycin,moderate,ndf-rt+openfda(a_in_b_label)
Alfentanil,Itraconazole,severe,ndf-rt+openfda(a_in_b_label)
Alfentanil,Voriconazole,moderate,ndf-rt+openfda(a_in_b_label)
Amantadine,Bupropion,moderate,ndf-rt+openfda(a_in_b_label)
Amantadine,Thioridazine,reported,ndf-rt+openfda(b_in_a_label)
Amantadine,Memantine,severe,ndf-rt+openfda(a_in_b_label)
Amikacin,Piperacillin,reported,ndf-rt+openfda(a_in_b_label)
Amikacin,Cidofovir,severe,ndf-rt+openfda(a_in_b_label)
Amiloride,Enalapril,reported,ndf-rt+openfda(a_in_b_label)
Amiloride,Potassium Phosphate,severe,ndf-rt+openfda(a_in_b_label)
Amiloride,Fosinopril,moderate,ndf-rt+openfda(a_in_b_label)
Amiloride,Quinapril,moderate,ndf-rt+openfda(a_in_b_label)
Amiloride,Benazepril,moderate,ndf-rt+openfda(a_in_b_label)
Amiloride,Tacrolimus,moderate,ndf-rt+openfda(b_in_a_label)
Amiloride,Losartan,moderate,ndf-rt+openfda(a_in_b_label)
Amiloride,Trandolapril,moderate,ndf-rt+openfda(a_in_b_label)
Amiloride,Valsartan,moderate,ndf-rt+openfda(a_in_b_label)
Amiloride,Perindopril,moderate,ndf-rt+openfda(a_in_b_label)
Amiloride,Dofetilide,severe,ndf-rt+openfda(a_in_b_label)
Amiloride,Eplerenone,moderate,ndf-rt+openfda(a_in_b_label)
Amiloride,Moexipril,moderate,ndf-rt+openfda(a_in_b_label)
Amiodarone,Chloroquine,reported,ndf-rt+openfda(a_in_b_label)
Amiodarone,Disopyramide,moderate,ndf-rt+openfda(b_in_a_label)
Amiodarone,Flecainide,moderate,ndf-rt+openfda(a_in_b_label)
Amiodarone,Lithium,moderate,ndf-rt+openfda(b_in_a_label)
Amiodarone,Procainamide,moderate,ndf-rt+openfda(b_in_a_label)
Amiodarone,Propafenone,severe,ndf-rt+openfda(a_in_b_label)
Amiodarone,Quinidine,reported,ndf-rt+openfda(a_in_b_label)
Amiodarone,Warfarin,moderate,ndf-rt+openfda(a_in_b_label)
Amiodarone,Azithromycin,moderate,ndf-rt+openfda(a_in_b_label)
Amiodarone,Clarithromycin,severe,ndf-rt+openfda(a_in_b_label)
Amiodarone,Simvastatin,severe,ndf-rt+openfda(a_in_b_label)
Amiodarone,Sotalol,severe,ndf-rt+openfda(a_in_b_label)
Amiodarone,Tacrolimus,moderate,ndf-rt+openfda(a_in_b_label)
Amiodarone,Ritonavir,severe,ndf-rt+openfda(a_in_b_label)
Amiodarone,Olanzapine,reported,ndf-rt+openfda(a_in_b_label)
Amiodarone,Tizanidine,severe,ndf-rt+openfda(a_in_b_label)
Amiodarone,Citalopram,reported,ndf-rt+openfda(a_in_b_label)
Amiodarone,Dofetilide,moderate,ndf-rt+openfda(a_in_b_label)
Amiodarone,Fosamprenavir,severe,ndf-rt+openfda(a_in_b_label)
Amiodarone,Tramadol,moderate,ndf-rt+openfda(a_in_b_label)
Amiodarone,Indinavir,moderate,ndf-rt+openfda(b_in_a_label)
Amiodarone,Fosphenytoin,moderate,ndf-rt+openfda(a_in_b_label)
Amiodarone,Atorvastatin,moderate,ndf-rt+openfda(b_in_a_label)
Amiodarone,Nelfinavir,severe,ndf-rt+openfda(a_in_b_label)
Amiodarone,Anagrelide,moderate,ndf-rt+openfda(a_in_b_label)
Amiodarone,Toremifene,moderate,ndf-rt+openfda(a_in_b_label)
Amiodarone,Atazanavir,severe,ndf-rt+openfda(a_in_b_label)
Amiodarone,Darunavir,severe,ndf-rt+openfda(a_in_b_label)
Amiodarone,Tetrabenazine,reported,ndf-rt+openfda(a_in_b_label)
Amiodarone,Dronedarone,reported,ndf-rt+openfda(a_in_b_label)
Amitriptyline,Dopamine,moderate,ndf-rt+openfda(a_in_b_label)
Amitriptyline,Fluoxetine,moderate,ndf-rt+openfda(b_in_a_label)
Amitriptyline,Norepinephrine,moderate,ndf-rt+openfda(a_in_b_label)
Amitriptyline,Phentermine,moderate,ndf-rt+openfda(a_in_b_label)
Amitriptyline,Procarbazine,severe,ndf-rt+openfda(a_in_b_label)
Amitriptyline,Quinidine,reported,ndf-rt+openfda(b_in_a_label)
Amitriptyline,Selegiline,severe,ndf-rt+openfda(a_in_b_label)
Amitriptyline,Sertraline,moderate,ndf-rt+openfda(b_in_a_label)
Amitriptyline,Paroxetine,moderate,ndf-rt+openfda(a_in_b_label)
Amitriptyline,Cisapride,severe,ndf-rt+openfda(b_in_a_label)
Amitriptyline,Rifapentine,moderate,ndf-rt+openfda(a_in_b_label)
Amitriptyline,Linezolid,reported,ndf-rt+openfda(b_in_a_label)
Amitriptyline,Duloxetine,moderate,ndf-rt+openfda(a_in_b_label)
Amitriptyline,Fluvoxamine,severe,ndf-rt+openfda(a_in_b_label)
Amitriptyline,Tramadol,moderate,ndf-rt+openfda(a_in_b_label)
Amitriptyline,Toremifene,reported,ndf-rt+openfda(a_in_b_label)
Amphetamine,Desipramine,moderate,ndf-rt+openfda(b_in_a_label)
Amphetamine,Protriptyline,moderate,ndf-rt+openfda(b_in_a_label)
Amphetamine,Selegiline,severe,ndf-rt+openfda(b_in_a_label)
Amphetamine,Tranylcypromine,severe,ndf-rt+openfda(b_in_a_label)
Amphetamine,Linezolid,moderate,ndf-rt+openfda(b_in_a_label)
Apomorphine,Ondansetron,severe,ndf-rt+openfda(a_in_b_label)
Apomorphine,Alosetron,severe,ndf-rt+openfda(b_in_a_label)
Apomorphine,Palonosetron,severe,ndf-rt+openfda(b_in_a_label)
Apomorphine,Granisetron,severe,ndf-rt+openfda(b_in_a_label)
Apomorphine,Dolasetron,severe,ndf-rt+openfda(b_in_a_label)
Atracurium,Quinidine,moderate,ndf-rt+openfda(b_in_a_label)
Atracurium,Desflurane,reported,ndf-rt+openfda(a_in_b_label)
Atracurium,Sevoflurane,moderate,ndf-rt+openfda(a_in_b_label)
Bepridil,Sotalol,moderate,ndf-rt+openfda(a_in_b_label)
Bepridil,Ritonavir,severe,ndf-rt+openfda(a_in_b_label)
Bepridil,Dofetilide,severe,ndf-rt+openfda(a_in_b_label)
Betaxolol,Disopyramide,reported,ndf-rt+openfda(b_in_a_label)
Betaxolol,Verapamil,reported,ndf-rt+openfda(b_in_a_label)
Bromocriptine,Dopamine,moderate,ndf-rt+openfda(b_in_a_label)
Bromocriptine,Phenylpropanolamine,reported,ndf-rt+openfda(b_in_a_label)
Bromocriptine,Clarithromycin,moderate,ndf-rt+openfda(a_in_b_label)
Bromocriptine,Sumatriptan,severe,ndf-rt+openfda(b_in_a_label)
Bupivacaine,Propranolol,reported,ndf-rt+openfda(b_in_a_label)
Buprenorphine,Butorphanol,moderate,ndf-rt+openfda(b_in_a_label)
Buprenorphine,Hydromorphone,moderate,ndf-rt+openfda(a_in_b_label)
Buprenorphine,Levorphanol,moderate,ndf-rt+openfda(a_in_b_label)
Buprenorphine,Meperidine,moderate,ndf-rt+openfda(a_in_b_label)
Buprenorphine,Methadone,moderate,ndf-rt+openfda(a_in_b_label)
Buprenorphine,Nalbuphine,moderate,ndf-rt+openfda(b_in_a_label)
Buprenorphine,Naltrexone,severe,ndf-rt+openfda(a_in_b_label)
Buprenorphine,Oxycodone,moderate,ndf-rt+openfda(a_in_b_label)
Buprenorphine,Oxymorphone,moderate,ndf-rt+openfda(a_in_b_label)
Buprenorphine,Sufentanil,moderate,ndf-rt+openfda(a_in_b_label)
Buprenorphine,Ritonavir,moderate,ndf-rt+openfda(b_in_a_label)
Buprenorphine,Tramadol,moderate,ndf-rt+openfda(a_in_b_label)
Buprenorphine,Remifentanil,moderate,ndf-rt+openfda(a_in_b_label)
Buprenorphine,Tapentadol,moderate,ndf-rt+openfda(a_in_b_label)
Bupropion,Tamoxifen,reported,ndf-rt+openfda(b_in_a_label)
Bupropion,Tranylcypromine,severe,ndf-rt+openfda(a_in_b_label)
Bupropion,Risperidone,reported,ndf-rt+openfda(b_in_a_label)
Bupropion,Ritonavir,moderate,ndf-rt+openfda(a_in_b_label)
Bupropion,Linezolid,severe,ndf-rt+openfda(b_in_a_label)
Buspirone,Diltiazem,moderate,ndf-rt+openfda(a_in_b_label)
Buspirone,Selegiline,moderate,ndf-rt+openfda(a_in_b_label)
Buspirone,Tranylcypromine,severe,ndf-rt+openfda(a_in_b_label)
Buspirone,Verapamil,moderate,ndf-rt+openfda(a_in_b_label)
Buspirone,Itraconazole,moderate,ndf-rt+openfda(a_in_b_label)
Buspirone,Nefazodone,reported,ndf-rt+openfda(a_in_b_label)
Buspirone,Linezolid,severe,ndf-rt+openfda(b_in_a_label)
Butorphanol,Hydromorphone,moderate,ndf-rt+openfda(a_in_b_label)
Butorphanol,Methadone,moderate,ndf-rt+openfda(a_in_b_label)
Butorphanol,Oxycodone,reported,ndf-rt+openfda(a_in_b_label)
Butorphanol,Oxymorphone,moderate,ndf-rt+openfda(a_in_b_label)
Butorphanol,Linezolid,moderate,ndf-rt+openfda(b_in_a_label)
Carbenicillin,Gentamicin Sulfate,moderate,ndf-rt+openfda(a_in_b_label)
Chloroquine,Mefloquine,severe,ndf-rt+openfda(a_in_b_label)
Chloroquine,Moxifloxacin,reported,ndf-rt+openfda(b_in_a_label)
Chloroquine,Anagrelide,moderate,ndf-rt+openfda(a_in_b_label)
Clomipramine,Fluoxetine,moderate,ndf-rt+openfda(b_in_a_label)
Clomipramine,Methylphenidate,moderate,ndf-rt+openfda(a_in_b_label)
Clomipramine,Norepinephrine,moderate,ndf-rt+openfda(a_in_b_label)
Clomipramine,Quinidine,reported,ndf-rt+openfda(b_in_a_label)
Clomipramine,Selegiline,severe,ndf-rt+openfda(a_in_b_label)
Clomipramine,Sertraline,moderate,ndf-rt+openfda(b_in_a_label)
Clomipramine,Paroxetine,moderate,ndf-rt+openfda(b_in_a_label)
Clomipramine,Linezolid,severe,ndf-rt+openfda(b_in_a_label)
Clomipramine,Fluvoxamine,moderate,ndf-rt+openfda(a_in_b_label)
Clomipramine,Tramadol,reported,ndf-rt+openfda(b_in_a_label)
Clomipramine,Milnacipran,moderate,ndf-rt+openfda(a_in_b_label)
Clorazepate,Ritonavir,moderate,ndf-rt+openfda(a_in_b_label)
Colestipol,Mycophenolate Mofetil,severe,ndf-rt+openfda(b_in_a_label)
Colestipol,Mycophenolic Acid,severe,ndf-rt+openfda(b_in_a_label)
Colestipol,Deferasirox,reported,ndf-rt+openfda(a_in_b_label)
Colestipol,Mycophenolate,severe,ndf-rt+openfda(b_in_a_label)
Colistin,Vecuronium,reported,ndf-rt+openfda(a_in_b_label)
Colistin,Rocuronium Bromide,moderate,ndf-rt+openfda(a_in_b_label)
Colistin,Cisatracurium,moderate,ndf-rt+openfda(a_in_b_label)
Cyclobenzaprine,Norepinephrine,severe,ndf-rt+openfda(b_in_a_label)
Cyclobenzaprine,Selegiline,severe,ndf-rt+openfda(a_in_b_label)
Cyclobenzaprine,Tranylcypromine,severe,ndf-rt+openfda(a_in_b_label)
Cyclobenzaprine,Tramadol,moderate,ndf-rt+openfda(a_in_b_label)
Cyclobenzaprine,Rasagiline,severe,ndf-rt+openfda(a_in_b_label)
Cyclobenzaprine,Tapentadol,moderate,ndf-rt+openfda(a_in_b_label)
Dantrolene,Verapamil,reported,ndf-rt+openfda(a_in_b_label)
Desipramine,Dopamine,severe,ndf-rt+openfda(a_in_b_label)
Desipramine,Fluoxetine,severe,ndf-rt+openfda(a_in_b_label)
Desipramine,Methadone,reported,ndf-rt+openfda(a_in_b_label)
Desipramine,Methylphenidate,moderate,ndf-rt+openfda(a_in_b_label)
Desipramine,Norepinephrine,moderate,ndf-rt+openfda(a_in_b_label)
Desipramine,Quinidine,severe,ndf-rt+openfda(a_in_b_label)
Desipramine,Dextroamphetamine,moderate,ndf-rt+openfda(a_in_b_label)
Desipramine,Sertraline,moderate,ndf-rt+openfda(a_in_b_label)
Desipramine,Paroxetine,reported,ndf-rt+openfda(a_in_b_label)
Desipramine,Ritonavir,moderate,ndf-rt+openfda(a_in_b_label)
Desipramine,Citalopram,moderate,ndf-rt+openfda(a_in_b_label)
Desipramine,Linezolid,severe,ndf-rt+openfda(b_in_a_label)
Desipramine,Duloxetine,moderate,ndf-rt+openfda(a_in_b_label)
Desipramine,Tramadol,reported,ndf-rt+openfda(b_in_a_label)
Desipramine,Escitalopram,moderate,ndf-rt+openfda(a_in_b_label)
Desipramine,Lisdexamfetamine,moderate,ndf-rt+openfda(a_in_b_label)
Diclofenac,Lithium,moderate,ndf-rt+openfda(b_in_a_label)
Diclofenac,Methotrexate,moderate,ndf-rt+openfda(b_in_a_label)
Diclofenac,Warfarin,reported,ndf-rt+openfda(a_in_b_label)
Diclofenac,Voriconazole,moderate,ndf-rt+openfda(a_in_b_label)
Diclofenac,Pemetrexed,severe,ndf-rt+openfda(b_in_a_label)
Dicloxacillin,Warfarin,moderate,ndf-rt+openfda(b_in_a_label)
Dihydroergotamine,Propranolol,severe,ndf-rt+openfda(b_in_a_label)
Dihydroergotamine,Azithromycin,severe,ndf-rt+openfda(a_in_b_label)
Dihydroergotamine,Clarithromycin,severe,ndf-rt+openfda(a_in_b_label)
Dihydroergotamine,Itraconazole,severe,ndf-rt+openfda(a_in_b_label)
Dihydroergotamine,Nefazodone,moderate,ndf-rt+openfda(b_in_a_label)
Dihydroergotamine,Saquinavir,moderate,ndf-rt+openfda(b_in_a_label)
Dihydroergotamine,Ritonavir,severe,ndf-rt+openfda(a_in_b_label)
Dihydroergotamine,Sumatriptan,severe,ndf-rt+openfda(a_in_b_label)
Dihydroergotamine,Zolmitriptan,severe,ndf-rt+openfda(a_in_b_label)
Dihydroergotamine,Rizatriptan,severe,ndf-rt+openfda(a_in_b_label)
Dihydroergotamine,Mifepristone,severe,ndf-rt+openfda(a_in_b_label)
Dihydroergotamine,Almotriptan,severe,ndf-rt+openfda(a_in_b_label)
Dihydroergotamine,Frovatriptan,severe,ndf-rt+openfda(a_in_b_label)
Dihydroergotamine,Voriconazole,severe,ndf-rt+openfda(a_in_b_label)
Dihydroergotamine,Eletriptan,severe,ndf-rt+openfda(a_in_b_label)
Dihydroergotamine,Fosamprenavir,severe,ndf-rt+openfda(a_in_b_label)
Dihydroergotamine,Troleandomycin,severe,ndf-rt+openfda(b_in_a_label)
Dihydroergotamine,Indinavir,severe,ndf-rt+openfda(b_in_a_label)
Dihydroergotamine,Nelfinavir,severe,ndf-rt+openfda(a_in_b_label)
Dihydroergotamine,Naratriptan,severe,ndf-rt+openfda(a_in_b_label)
Dihydroergotamine,Atazanavir,severe,ndf-rt+openfda(a_in_b_label)
Dihydroergotamine,Darunavir,severe,ndf-rt+openfda(a_in_b_label)
Dihydroergotamine,Posaconazole,severe,ndf-rt+openfda(a_in_b_label)
Diltiazem,Midazolam,moderate,ndf-rt+openfda(a_in_b_label)
Diltiazem,Quinidine,moderate,ndf-rt+openfda(a_in_b_label)
Diltiazem,Clarithromycin,moderate,ndf-rt+openfda(a_in_b_label)
Diltiazem,Simvastatin,severe,ndf-rt+openfda(a_in_b_label)
Diltiazem,Tacrolimus,moderate,ndf-rt+openfda(a_in_b_label)
Diltiazem,Rifapentine,reported,ndf-rt+openfda(a_in_b_label)
Diltiazem,Cilostazol,reported,ndf-rt+openfda(a_in_b_label)
Diltiazem,Sirolimus,moderate,ndf-rt+openfda(a_in_b_label)
Diltiazem,Dofetilide,reported,ndf-rt+openfda(a_in_b_label)
Diltiazem,Atorvastatin,reported,ndf-rt+openfda(a_in_b_label)
Diltiazem,Atazanavir,moderate,ndf-rt+openfda(a_in_b_label)
Diltiazem,Ranolazine,moderate,ndf-rt+openfda(a_in_b_label)
Diltiazem,Everolimus,moderate,ndf-rt+openfda(a_in_b_label)
Diltiazem,Fingolimod,moderate,ndf-rt+openfda(a_in_b_label)
Diltiazem,Lurasidone,reported,ndf-rt+openfda(a_in_b_label)
Disopyramide,Flecainide,reported,ndf-rt+openfda(a_in_b_label)
Disopyramide,Procainamide,moderate,ndf-rt+openfda(a_in_b_label)
Disopyramide,Propafenone,severe,ndf-rt+openfda(b_in_a_label)
Disopyramide,Propranolol,reported,ndf-rt+openfda(a_in_b_label)
Disopyramide,Quinidine,moderate,ndf-rt+openfda(b_in_a_label)
Disopyramide,Verapamil,moderate,ndf-rt+openfda(a_in_b_label)
Disopyramide,Clarithromycin,severe,ndf-rt+openfda(a_in_b_label)
Disopyramide,Itraconazole,severe,ndf-rt+openfda(a_in_b_label)
Disopyramide,Sotalol,severe,ndf-rt+openfda(a_in_b_label)
Disopyramide,Ritonavir,severe,ndf-rt+openfda(a_in_b_label)
Disopyramide,Fosamprenavir,severe,ndf-rt+openfda(a_in_b_label)
Disopyramide,Bisoprolol,reported,ndf-rt+openfda(a_in_b_label)
Disopyramide,Anagrelide,moderate,ndf-rt+openfda(a_in_b_label)
Disopyramide,Toremifene,moderate,ndf-rt+openfda(a_in_b_label)
Disopyramide,Atazanavir,severe,ndf-rt+openfda(a_in_b_label)
Dopamine,Doxepin,severe,ndf-rt+openfda(b_in_a_label)
Dopamine,Imipramine,severe,ndf-rt+openfda(b_in_a_label)
Dopamine,Nortriptyline,severe,ndf-rt+openfda(b_in_a_label)
Dopamine,Selegiline,severe,ndf-rt+openfda(a_in_b_label)
Dopamine,Tranylcypromine,severe,ndf-rt+openfda(a_in_b_label)
Dopamine,Desflurane,moderate,ndf-rt+openfda(b_in_a_label)
Dopamine,Sevoflurane,moderate,ndf-rt+openfda(b_in_a_label)
Dopamine,Cabergoline,severe,ndf-rt+openfda(a_in_b_label)
Dopamine,Linezolid,moderate,ndf-rt+openfda(b_in_a_label)
Dopamine,Ergonovine,reported,ndf-rt+openfda(b_in_a_label)
Dopamine,Rasagiline,severe,ndf-rt+openfda(a_in_b_label)
Doxazosin,Tadalafil,moderate,ndf-rt+openfda(a_in_b_label)
Doxazosin,Sildenafil,severe,ndf-rt+openfda(a_in_b_label)
Doxepin,Fluoxetine,moderate,ndf-rt+openfda(b_in_a_label)
Doxepin,Quinidine,reported,ndf-rt+openfda(b_in_a_label)
Doxepin,Sertraline,moderate,ndf-rt+openfda(b_in_a_label)
Doxepin,Paroxetine,moderate,ndf-rt+openfda(b_in_a_label)
Doxepin,Citalopram,moderate,ndf-rt+openfda(b_in_a_label)
Doxepin,Linezolid,severe,ndf-rt+openfda(b_in_a_label)
Doxepin,Escitalopram,moderate,ndf-rt+openfda(b_in_a_label)
Doxorubicin,Trastuzumab,moderate,ndf-rt+openfda(b_in_a_label)
Doxorubicin,Fosphenytoin,moderate,ndf-rt+openfda(a_in_b_label)
Enalapril,Lithium,moderate,ndf-rt+openfda(a_in_b_label)
Enalapril,Sirolimus,moderate,ndf-rt+openfda(b_in_a_label)
Enalapril,Aliskiren,reported,ndf-rt+openfda(b_in_a_label)
Enalapril,Temsirolimus,moderate,ndf-rt+openfda(b_in_a_label)
Enalapril,Everolimus,moderate,ndf-rt+openfda(b_in_a_label)
Fenoprofen,Lithium,moderate,ndf-rt+openfda(b_in_a_label)
Fenoprofen,Methotrexate,moderate,ndf-rt+openfda(b_in_a_label)
Fenoprofen,Warfarin,reported,ndf-rt+openfda(a_in_b_label)
Fenoprofen,Pemetrexed,severe,ndf-rt+openfda(b_in_a_label)
Flecainide,Fluoxetine,moderate,ndf-rt+openfda(a_in_b_label)
Flecainide,Procainamide,severe,ndf-rt+openfda(a_in_b_label)
Flecainide,Propranolol,moderate,ndf-rt+openfda(b_in_a_label)
Flecainide,Quinidine,moderate,ndf-rt+openfda(a_in_b_label)
Flecainide,Sotalol,severe,ndf-rt+openfda(a_in_b_label)
Flecainide,Ritonavir,severe,ndf-rt+openfda(a_in_b_label)
Flecainide,Fosamprenavir,severe,ndf-rt+openfda(a_in_b_label)
Flecainide,Cinacalcet,severe,ndf-rt+openfda(a_in_b_label)
Flecainide,Duloxetine,moderate,ndf-rt+openfda(a_in_b_label)
Flecainide,Darifenacin,moderate,ndf-rt+openfda(a_in_b_label)
Fluoxetine,Imipramine,moderate,ndf-rt+openfda(a_in_b_label)
Fluoxetine,Metoclopramide,moderate,ndf-rt+openfda(a_in_b_label)
Fluoxetine,Metoprolol,reported,ndf-rt+openfda(a_in_b_label)
Fluoxetine,Midazolam,reported,ndf-rt+openfda(b_in_a_label)
Fluoxetine,Nortriptyline,moderate,ndf-rt+openfda(a_in_b_label)
Fluoxetine,Propafenone,severe,ndf-rt+openfda(a_in_b_label)
Fluoxetine,Selegiline,reported,ndf-rt+openfda(a_in_b_label)
Fluoxetine,Thioridazine,severe,ndf-rt+openfda(a_in_b_label)
Fluoxetine,Tranylcypromine,severe,ndf-rt+openfda(a_in_b_label)
Fluoxetine,Trimipramine,moderate,ndf-rt+openfda(a_in_b_label)
Fluoxetine,Vinblastine,severe,ndf-rt+openfda(b_in_a_label)
Fluoxetine,Warfarin,reported,ndf-rt+openfda(a_in_b_label)
Fluoxetine,Paroxetine,moderate,ndf-rt+openfda(a_in_b_label)
Fluoxetine,Risperidone,moderate,ndf-rt+openfda(a_in_b_label)
Fluoxetine,Ritonavir,moderate,ndf-rt+openfda(a_in_b_label)
Fluoxetine,Citalopram,reported,ndf-rt+openfda(a_in_b_label)
Fluoxetine,Linezolid,severe,ndf-rt+openfda(b_in_a_label)
Fluoxetine,Duloxetine,moderate,ndf-rt+openfda(a_in_b_label)
Fluoxetine,Venlafaxine,moderate,ndf-rt+openfda(a_in_b_label)
Fluoxetine,Tramadol,reported,ndf-rt+openfda(a_in_b_label)
Fluoxetine,Fosphenytoin,reported,ndf-rt+openfda(a_in_b_label)
Fluoxetine,Escitalopram,reported,ndf-rt+openfda(a_in_b_label)
Fluoxetine,Atomoxetine,severe,ndf-rt+openfda(a_in_b_label)
Fluoxetine,Tetrabenazine,moderate,ndf-rt+openfda(a_in_b_label)
Fluphenazine,Lithium,moderate,ndf-rt+openfda(a_in_b_label)
Flurazepam,Ritonavir,severe,ndf-rt+openfda(a_in_b_label)
Ganciclovir,Didanosine,moderate,ndf-rt+openfda(b_in_a_label)
Gentamicin Sulfate,Succinylcholine,reported,ndf-rt+openfda(b_in_a_label)
Gentamicin Sulfate,Tubocurarine,reported,ndf-rt+openfda(b_in_a_label)
Gentamicin Sulfate,Vancomycin,reported,ndf-rt+openfda(b_in_a_label)
Guanfacine,Itraconazole,severe,ndf-rt+openfda(a_in_b_label)
Hydromorphone,Nalbuphine,moderate,ndf-rt+openfda(b_in_a_label)
Hydromorphone,Tranylcypromine,moderate,ndf-rt+openfda(b_in_a_label)
Hydromorphone,Linezolid,moderate,ndf-rt+openfda(b_in_a_label)
Idarubicin,Trastuzumab,moderate,ndf-rt+openfda(b_in_a_label)
Imipramine,Methylphenidate,moderate,ndf-rt+openfda(a_in_b_label)
Imipramine,Norepinephrine,moderate,ndf-rt+openfda(a_in_b_label)
Imipramine,Procarbazine,severe,ndf-rt+openfda(a_in_b_label)
Imipramine,Quinidine,reported,ndf-rt+openfda(b_in_a_label)
Imipramine,Selegiline,moderate,ndf-rt+openfda(a_in_b_label)
Imipramine,Sertraline,moderate,ndf-rt+openfda(b_in_a_label)
Imipramine,Paroxetine,moderate,ndf-rt+openfda(a_in_b_label)
Imipramine,Citalopram,reported,ndf-rt+openfda(a_in_b_label)
Imipramine,Linezolid,severe,ndf-rt+openfda(b_in_a_label)
Imipramine,Duloxetine,moderate,ndf-rt+openfda(a_in_b_label)
Imipramine,Fluvoxamine,moderate,ndf-rt+openfda(a_in_b_label)
Imipramine,Tramadol,reported,ndf-rt+openfda(b_in_a_label)
Kanamycin,Vecuronium,reported,ndf-rt+openfda(a_in_b_label)
Ketamine,Memantine,severe,ndf-rt+openfda(a_in_b_label)
Labetalol,Verapamil,reported,ndf-rt+openfda(b_in_a_label)
Leucovorin,Capecitabine,moderate,ndf-rt+openfda(a_in_b_label)
Leucovorin,Glucarpidase,moderate,ndf-rt+openfda(a_in_b_label)
Lithium,Thioridazine,moderate,ndf-rt+openfda(b_in_a_label)
Lithium,Tolmetin,moderate,ndf-rt+openfda(a_in_b_label)
Lithium,Nabumetone,moderate,ndf-rt+openfda(a_in_b_label)
Lithium,Fosinopril,moderate,ndf-rt+openfda(a_in_b_label)
Lithium,Quinapril,moderate,ndf-rt+openfda(a_in_b_label)
Lithium,Oxaprozin,moderate,ndf-rt+openfda(a_in_b_label)
Lithium,Benazepril,moderate,ndf-rt+openfda(a_in_b_label)
Lithium,Torsemide,moderate,ndf-rt+openfda(a_in_b_label)
Lithium,Losartan,moderate,ndf-rt+openfda(a_in_b_label)
Lithium,Trandolapril,moderate,ndf-rt+openfda(a_in_b_label)
Lithium,Valsartan,severe,ndf-rt+openfda(a_in_b_label)
Lithium,Irbesartan,moderate,ndf-rt+openfda(a_in_b_label)
Lithium,Celecoxib,moderate,ndf-rt+openfda(a_in_b_label)
Lithium,Telmisartan,moderate,ndf-rt+openfda(a_in_b_label)
Lithium,Candesartan,moderate,ndf-rt+openfda(a_in_b_label)
Lithium,Perindopril,moderate,ndf-rt+openfda(a_in_b_label)
Lithium,Meloxicam,moderate,ndf-rt+openfda(a_in_b_label)
Lithium,Meclofenamate,moderate,ndf-rt+openfda(a_in_b_label)
Lithium,Moexipril,moderate,ndf-rt+openfda(a_in_b_label)
Lithium,Azilsartan,moderate,ndf-rt+openfda(a_in_b_label)
Maprotiline,Tranylcypromine,severe,ndf-rt+openfda(a_in_b_label)
Medroxyprogesterone,Ritonavir,severe,ndf-rt+openfda(b_in_a_label)
Medroxyprogesterone,Efavirenz,reported,ndf-rt+openfda(b_in_a_label)
Medroxyprogesterone,Modafinil,reported,ndf-rt+openfda(b_in_a_label)
Medroxyprogesterone,Oxcarbazepine,moderate,ndf-rt+openfda(b_in_a_label)
Medroxyprogesterone,Bosentan,moderate,ndf-rt+openfda(b_in_a_label)
Mefloquine,Quinidine,severe,ndf-rt+openfda(a_in_b_label)
Mefloquine,Quinine,moderate,ndf-rt+openfda(a_in_b_label)
Mefloquine,Ziprasidone,reported,ndf-rt+openfda(a_in_b_label)
Mefloquine,Halofantrine,severe,ndf-rt+openfda(b_in_a_label)
Meperidine,Selegiline,severe,ndf-rt+openfda(a_in_b_label)
Meperidine,Tranylcypromine,severe,ndf-rt+openfda(a_in_b_label)
Meperidine,Ritonavir,severe,ndf-rt+openfda(a_in_b_label)
Meperidine,Citalopram,severe,ndf-rt+openfda(a_in_b_label)
Meperidine,Linezolid,reported,ndf-rt+openfda(b_in_a_label)
Meperidine,Venlafaxine,reported,ndf-rt+openfda(a_in_b_label)
Meperidine,Rasagiline,severe,ndf-rt+openfda(a_in_b_label)
Methadone,Nalbuphine,moderate,ndf-rt+openfda(b_in_a_label)
Methadone,Naloxone,moderate,ndf-rt+openfda(b_in_a_label)
Methadone,Naltrexone,severe,ndf-rt+openfda(a_in_b_label)
Methadone,Pentazocine,moderate,ndf-rt+openfda(b_in_a_label)
Methadone,Selegiline,severe,ndf-rt+openfda(a_in_b_label)
Methadone,Thioridazine,moderate,ndf-rt+openfda(b_in_a_label)
Methadone,Tranylcypromine,severe,ndf-rt+openfda(a_in_b_label)
Methadone,Didanosine,moderate,ndf-rt+openfda(b_in_a_label)
Methadone,Sertraline,moderate,ndf-rt+openfda(a_in_b_label)
Methadone,Itraconazole,severe,ndf-rt+openfda(a_in_b_label)
Methadone,Saquinavir,moderate,ndf-rt+openfda(b_in_a_label)
Methadone,Ritonavir,severe,ndf-rt+openfda(a_in_b_label)
Methadone,Nevirapine,moderate,ndf-rt+openfda(a_in_b_label)
Methadone,Citalopram,reported,ndf-rt+openfda(a_in_b_label)
Methadone,Efavirenz,moderate,ndf-rt+openfda(a_in_b_label)
Methadone,Linezolid,moderate,ndf-rt+openfda(b_in_a_label)
Methadone,Voriconazole,moderate,ndf-rt+openfda(a_in_b_label)
Methadone,Fosamprenavir,severe,ndf-rt+openfda(a_in_b_label)
Methadone,Fluvoxamine,severe,ndf-rt+openfda(a_in_b_label)
Methadone,Fosphenytoin,moderate,ndf-rt+openfda(a_in_b_label)
Methadone,Nelfinavir,severe,ndf-rt+openfda(a_in_b_label)
Methadone,Anagrelide,moderate,ndf-rt+openfda(a_in_b_label)
Methadone,Rasagiline,severe,ndf-rt+openfda(a_in_b_label)
Methadone,Telaprevir,reported,ndf-rt+openfda(b_in_a_label)
Methamphetamine,Linezolid,severe,ndf-rt+openfda(b_in_a_label)
Methotrexate,Penicillin,moderate,ndf-rt+openfda(a_in_b_label)
Methotrexate,Piperacillin,moderate,ndf-rt+openfda(a_in_b_label)
Methotrexate,Tolmetin,moderate,ndf-rt+openfda(a_in_b_label)
Methotrexate,Nabumetone,moderate,ndf-rt+openfda(a_in_b_label)
Methotrexate,Foscarnet,reported,ndf-rt+openfda(a_in_b_label)
Methotrexate,Oxaprozin,moderate,ndf-rt+openfda(a_in_b_label)
Methotrexate,Lansoprazole,severe,ndf-rt+openfda(a_in_b_label)
Methotrexate,Cidofovir,reported,ndf-rt+openfda(a_in_b_label)
Methotrexate,Acitretin,severe,ndf-rt+openfda(a_in_b_label)
Methotrexate,Celecoxib,moderate,ndf-rt+openfda(a_in_b_label)
Methotrexate,Rabeprazole,severe,ndf-rt+openfda(a_in_b_label)
Methotrexate,Meloxicam,moderate,ndf-rt+openfda(a_in_b_label)
Methotrexate,Pantoprazole,moderate,ndf-rt+openfda(a_in_b_label)
Methotrexate,Esomeprazole,severe,ndf-rt+openfda(a_in_b_label)
Methotrexate,Natalizumab,moderate,ndf-rt+openfda(a_in_b_label)
Methotrexate,Meclofenamate,moderate,ndf-rt+openfda(a_in_b_label)
Methotrexate,Dexlansoprazole,severe,ndf-rt+openfda(a_in_b_label)
Methylphenidate,Selegiline,severe,ndf-rt+openfda(b_in_a_label)
Methylphenidate,Tranylcypromine,severe,ndf-rt+openfda(b_in_a_label)
Methylphenidate,Desflurane,moderate,ndf-rt+openfda(b_in_a_label)
Methylphenidate,Sevoflurane,moderate,ndf-rt+openfda(b_in_a_label)
Methylphenidate,Linezolid,severe,ndf-rt+openfda(b_in_a_label)
Metoclopramide,Atovaquone,moderate,ndf-rt+openfda(a_in_b_label)
Metoclopramide,Paroxetine,moderate,ndf-rt+openfda(b_in_a_label)
Metoclopramide,Cabergoline,severe,ndf-rt+openfda(a_in_b_label)
Metoclopramide,Rivastigmine,severe,ndf-rt+openfda(a_in_b_label)
Metoclopramide,Fosfomycin,severe,ndf-rt+openfda(a_in_b_label)
Metoprolol,Propafenone,reported,ndf-rt+openfda(a_in_b_label)
Metoprolol,Quinidine,moderate,ndf-rt+openfda(a_in_b_label)
Metoprolol,Verapamil,moderate,ndf-rt+openfda(a_in_b_label)
Metoprolol,Felodipine,reported,ndf-rt+openfda(a_in_b_label)
Metoprolol,Fingolimod,reported,ndf-rt+openfda(b_in_a_label)
Mexiletine,Ritonavir,severe,ndf-rt+openfda(a_in_b_label)
Mexiletine,Tizanidine,severe,ndf-rt+openfda(a_in_b_label)
Mexiletine,Rifapentine,moderate,ndf-rt+openfda(a_in_b_label)
Mexiletine,Fluvoxamine,moderate,ndf-rt+openfda(a_in_b_label)
Mexiletine,Fosphenytoin,reported,ndf-rt+openfda(a_in_b_label)
Midazolam,Verapamil,moderate,ndf-rt+openfda(a_in_b_label)
Midazolam,Clarithromycin,moderate,ndf-rt+openfda(a_in_b_label)
Midazolam,Itraconazole,reported,ndf-rt+openfda(a_in_b_label)
Midazolam,Saquinavir,moderate,ndf-rt+openfda(b_in_a_label)
Midazolam,Ritonavir,severe,ndf-rt+openfda(a_in_b_label)
Midazolam,Voriconazole,moderate,ndf-rt+openfda(a_in_b_label)
Midazolam,Fosamprenavir,severe,ndf-rt+openfda(a_in_b_label)
Midazolam,Nelfinavir,severe,ndf-rt+openfda(a_in_b_label)
Midazolam,Atazanavir,severe,ndf-rt+openfda(a_in_b_label)
Midazolam,Darunavir,severe,ndf-rt+openfda(a_in_b_label)
Midazolam,Posaconazole,severe,ndf-rt+openfda(a_in_b_label)
Mitoxantrone,Fingolimod,moderate,ndf-rt+openfda(a_in_b_label)
Nafcillin,Warfarin,reported,ndf-rt+openfda(a_in_b_label)
Nafcillin,Axitinib,severe,ndf-rt+openfda(a_in_b_label)
Nalbuphine,Oxycodone,reported,ndf-rt+openfda(a_in_b_label)
Nalbuphine,Oxymorphone,moderate,ndf-rt+openfda(a_in_b_label)
Naltrexone,Tramadol,reported,ndf-rt+openfda(b_in_a_label)
Nicardipine,Tacrolimus,moderate,ndf-rt+openfda(a_in_b_label)
Norepinephrine,Nortriptyline,moderate,ndf-rt+openfda(b_in_a_label)
Norepinephrine,Protriptyline,moderate,ndf-rt+openfda(b_in_a_label)
Norepinephrine,Tranylcypromine,severe,ndf-rt+openfda(a_in_b_label)
Norepinephrine,Desflurane,severe,ndf-rt+openfda(b_in_a_label)
Norepinephrine,Sevoflurane,severe,ndf-rt+openfda(b_in_a_label)
Norepinephrine,Linezolid,reported,ndf-rt+openfda(b_in_a_label)
Nortriptyline,Quinidine,reported,ndf-rt+openfda(b_in_a_label)
Nortriptyline,Sertraline,moderate,ndf-rt+openfda(b_in_a_label)
Nortriptyline,Paroxetine,reported,ndf-rt+openfda(a_in_b_label)
Nortriptyline,Ritonavir,moderate,ndf-rt+openfda(a_in_b_label)
Nortriptyline,Rifapentine,moderate,ndf-rt+openfda(a_in_b_label)
Nortriptyline,Linezolid,severe,ndf-rt+openfda(b_in_a_label)
Nortriptyline,Duloxetine,moderate,ndf-rt+openfda(a_in_b_label)
Nortriptyline,Tramadol,reported,ndf-rt+openfda(b_in_a_label)
Ondansetron,Anagrelide,severe,ndf-rt+openfda(a_in_b_label)
Ondansetron,Toremifene,moderate,ndf-rt+openfda(a_in_b_label)
Oxycodone,Itraconazole,severe,ndf-rt+openfda(a_in_b_label)
Oxycodone,Ritonavir,severe,ndf-rt+openfda(a_in_b_label)
Oxycodone,Linezolid,moderate,ndf-rt+openfda(b_in_a_label)
Oxycodone,Voriconazole,moderate,ndf-rt+openfda(a_in_b_label)
Pargyline,Rizatriptan,moderate,ndf-rt+openfda(a_in_b_label)
Pentazocine,Selegiline,moderate,ndf-rt+openfda(a_in_b_label)
Pentazocine,Linezolid,moderate,ndf-rt+openfda(b_in_a_label)
Procainamide,Quinidine,moderate,ndf-rt+openfda(a_in_b_label)
Procainamide,Azithromycin,moderate,ndf-rt+openfda(a_in_b_label)
Procainamide,Clarithromycin,severe,ndf-rt+openfda(a_in_b_label)
Procainamide,Sotalol,severe,ndf-rt+openfda(a_in_b_label)
Procainamide,Citalopram,reported,ndf-rt+openfda(a_in_b_label)
Procainamide,Anagrelide,moderate,ndf-rt+openfda(a_in_b_label)
Procainamide,Toremifene,moderate,ndf-rt+openfda(a_in_b_label)
Procainamide,Tetrabenazine,reported,ndf-rt+openfda(a_in_b_label)
Procaine,Quinine,severe,ndf-rt+openfda(b_in_a_label)
Propafenone,Propranolol,reported,ndf-rt+openfda(a_in_b_label)
Propafenone,Quinidine,moderate,ndf-rt+openfda(a_in_b_label)
Propafenone,Warfarin,reported,ndf-rt+openfda(a_in_b_label)
Propafenone,Sertraline,reported,ndf-rt+openfda(a_in_b_label)
Propafenone,Saquinavir,moderate,ndf-rt+openfda(b_in_a_label)
Propafenone,Ritonavir,severe,ndf-rt+openfda(a_in_b_label)
Propafenone,Tizanidine,severe,ndf-rt+openfda(a_in_b_label)
Propafenone,Fosamprenavir,severe,ndf-rt+openfda(a_in_b_label)
Propafenone,Duloxetine,moderate,ndf-rt+openfda(a_in_b_label)
Propoxyphene,Selegiline,severe,ndf-rt+openfda(a_in_b_label)
Propoxyphene,Ritonavir,severe,ndf-rt+openfda(a_in_b_label)
Propoxyphene,Rasagiline,severe,ndf-rt+openfda(a_in_b_label)
Propranolol,Quinidine,reported,ndf-rt+openfda(a_in_b_label)
Propranolol,Thioridazine,severe,ndf-rt+openfda(a_in_b_label)
Propranolol,Verapamil,reported,ndf-rt+openfda(a_in_b_label)
Propranolol,Rizatriptan,moderate,ndf-rt+openfda(a_in_b_label)
Propranolol,Ergotamine,severe,ndf-rt+openfda(a_in_b_label)
Protriptyline,Selegiline,severe,ndf-rt+openfda(a_in_b_label)
Protriptyline,Dextroamphetamine,moderate,ndf-rt+openfda(a_in_b_label)
Protriptyline,Cisapride,severe,ndf-rt+openfda(b_in_a_label)
Protriptyline,Tramadol,severe,ndf-rt+openfda(b_in_a_label)
Quinidine,Quinine,moderate,ndf-rt+openfda(a_in_b_label)
Quinidine,Succinylcholine,moderate,ndf-rt+openfda(a_in_b_label)
Quinidine,Thioridazine,severe,ndf-rt+openfda(b_in_a_label)
Quinidine,Timolol,reported,ndf-rt+openfda(a_in_b_label)
Quinidine,Vecuronium,reported,ndf-rt+openfda(a_in_b_label)
Quinidine,Verapamil,moderate,ndf-rt+openfda(a_in_b_label)
Quinidine,Azithromycin,moderate,ndf-rt+openfda(a_in_b_label)
Quinidine,Clarithromycin,severe,ndf-rt+openfda(a_in_b_label)
Quinidine,Itraconazole,severe,ndf-rt+openfda(a_in_b_label)
Quinidine,Sotalol,severe,ndf-rt+openfda(a_in_b_label)
Quinidine,Ritonavir,severe,ndf-rt+openfda(a_in_b_label)
Quinidine,Rifapentine,moderate,ndf-rt+openfda(a_in_b_label)
Quinidine,Citalopram,reported,ndf-rt+openfda(a_in_b_label)
Quinidine,Mifepristone,severe,ndf-rt+openfda(a_in_b_label)
Quinidine,Ziprasidone,reported,ndf-rt+openfda(a_in_b_label)
Quinidine,Voriconazole,severe,ndf-rt+openfda(a_in_b_label)
Quinidine,Aripiprazole,moderate,ndf-rt+openfda(a_in_b_label)
Quinidine,Fosamprenavir,severe,ndf-rt+openfda(a_in_b_label)
Quinidine,Duloxetine,moderate,ndf-rt+openfda(a_in_b_label)
Quinidine,Cisatracurium,moderate,ndf-rt+openfda(a_in_b_label)
Quinidine,Nelfinavir,severe,ndf-rt+openfda(a_in_b_label)
Quinidine,Toremifene,moderate,ndf-rt+openfda(a_in_b_label)
Quinidine,Atomoxetine,severe,ndf-rt+openfda(a_in_b_label)
Quinidine,Posaconazole,severe,ndf-rt+openfda(a_in_b_label)
Quinine,Succinylcholine,reported,ndf-rt+openfda(a_in_b_label)
Quinine,Warfarin,moderate,ndf-rt+openfda(b_in_a_label)
Quinine,Ritonavir,severe,ndf-rt+openfda(a_in_b_label)
Quinine,Rifapentine,reported,ndf-rt+openfda(a_in_b_label)
Quinine,Dofetilide,reported,ndf-rt+openfda(a_in_b_label)
Quinine,Atorvastatin,moderate,ndf-rt+openfda(b_in_a_label)
Ranitidine,Erlotinib,reported,ndf-rt+openfda(a_in_b_label)
Ranitidine,Atazanavir,moderate,ndf-rt+openfda(b_in_a_label)
Ranitidine,Rilpivirine,severe,ndf-rt+openfda(a_in_b_label)
Selegiline,Trazodone,severe,ndf-rt+openfda(a_in_b_label)
Selegiline,Dextroamphetamine,severe,ndf-rt+openfda(a_in_b_label)
Selegiline,Sertraline,severe,ndf-rt+openfda(a_in_b_label)
Selegiline,Paroxetine,severe,ndf-rt+openfda(a_in_b_label)
Selegiline,Mirtazapine,severe,ndf-rt+openfda(a_in_b_label)
Selegiline,Tolcapone,reported,ndf-rt+openfda(a_in_b_label)
Selegiline,Entacapone,moderate,ndf-rt+openfda(a_in_b_label)
Selegiline,Linezolid,severe,ndf-rt+openfda(b_in_a_label)
Selegiline,Dexmethylphenidate,severe,ndf-rt+openfda(a_in_b_label)
Selegiline,Duloxetine,severe,ndf-rt+openfda(a_in_b_label)
Selegiline,Venlafaxine,severe,ndf-rt+openfda(b_in_a_label)
Selegiline,Tramadol,severe,ndf-rt+openfda(b_in_a_label)
Selegiline,Desvenlafaxine,severe,ndf-rt+openfda(a_in_b_label)
Streptomycin,Vecuronium,reported,ndf-rt+openfda(a_in_b_label)
Succinylcholine,Desflurane,reported,ndf-rt+openfda(a_in_b_label)
Succinylcholine,Sevoflurane,moderate,ndf-rt+openfda(a_in_b_label)
Sufentanil,Tranylcypromine,severe,ndf-rt+openfda(b_in_a_label)
Sufentanil,Linezolid,moderate,ndf-rt+openfda(b_in_a_label)
Tamoxifen,Warfarin,severe,ndf-rt+openfda(b_in_a_label)
Tamoxifen,Paroxetine,reported,ndf-rt+openfda(a_in_b_label)
Tamoxifen,Anastrozole,severe,ndf-rt+openfda(a_in_b_label)
Tamoxifen,Letrozole,moderate,ndf-rt+openfda(a_in_b_label)
Terazosin,Vardenafil,moderate,ndf-rt+openfda(a_in_b_label)
Thioridazine,Paroxetine,severe,ndf-rt+openfda(a_in_b_label)
Thioridazine,Citalopram,reported,ndf-rt+openfda(a_in_b_label)
Thioridazine,Ziprasidone,reported,ndf-rt+openfda(a_in_b_label)
Thioridazine,Duloxetine,moderate,ndf-rt+openfda(a_in_b_label)
Thioridazine,Fluvoxamine,severe,ndf-rt+openfda(a_in_b_label)
Thioridazine,Toremifene,reported,ndf-rt+openfda(a_in_b_label)
Thioridazine,Atazanavir,moderate,ndf-rt+openfda(a_in_b_label)
Thioridazine,Darifenacin,moderate,ndf-rt+openfda(a_in_b_label)
Thioridazine,Tetrabenazine,reported,ndf-rt+openfda(a_in_b_label)
Thioridazine,Abiraterone,moderate,ndf-rt+openfda(a_in_b_label)
Timolol,Verapamil,moderate,ndf-rt+openfda(a_in_b_label)
Tolmetin,Warfarin,moderate,ndf-rt+openfda(b_in_a_label)
Tranylcypromine,Trazodone,severe,ndf-rt+openfda(a_in_b_label)
Tranylcypromine,Dextroamphetamine,severe,ndf-rt+openfda(a_in_b_label)
Tranylcypromine,Sertraline,severe,ndf-rt+openfda(a_in_b_label)
Tranylcypromine,Paroxetine,severe,ndf-rt+openfda(a_in_b_label)
Tranylcypromine,Nefazodone,severe,ndf-rt+openfda(b_in_a_label)
Tranylcypromine,Mirtazapine,severe,ndf-rt+openfda(a_in_b_label)
Tranylcypromine,Tolcapone,reported,ndf-rt+openfda(a_in_b_label)
Tranylcypromine,Rizatriptan,moderate,ndf-rt+openfda(a_in_b_label)
Tranylcypromine,Entacapone,reported,ndf-rt+openfda(a_in_b_label)
Tranylcypromine,Linezolid,severe,ndf-rt+openfda(b_in_a_label)
Tranylcypromine,Dexmethylphenidate,severe,ndf-rt+openfda(a_in_b_label)
Tranylcypromine,Duloxetine,severe,ndf-rt+openfda(a_in_b_label)
Tranylcypromine,Tramadol,severe,ndf-rt+openfda(a_in_b_label)
Tranylcypromine,Milnacipran,severe,ndf-rt+openfda(b_in_a_label)
Tranylcypromine,Rasagiline,severe,ndf-rt+openfda(b_in_a_label)
Tranylcypromine,Desvenlafaxine,severe,ndf-rt+openfda(a_in_b_label)
Tranylcypromine,Tetrabenazine,severe,ndf-rt+openfda(b_in_a_label)
Tranylcypromine,Tapentadol,moderate,ndf-rt+openfda(a_in_b_label)
Tranylcypromine,Vilazodone,severe,ndf-rt+openfda(b_in_a_label)
Trazodone,Clarithromycin,moderate,ndf-rt+openfda(b_in_a_label)
Trazodone,Itraconazole,moderate,ndf-rt+openfda(b_in_a_label)
Trazodone,Ritonavir,moderate,ndf-rt+openfda(a_in_b_label)
Trazodone,Linezolid,severe,ndf-rt+openfda(b_in_a_label)
Trazodone,Fosamprenavir,moderate,ndf-rt+openfda(a_in_b_label)
Trazodone,Indinavir,moderate,ndf-rt+openfda(b_in_a_label)
Trazodone,Nelfinavir,moderate,ndf-rt+openfda(a_in_b_label)
Trazodone,Atazanavir,severe,ndf-rt+openfda(a_in_b_label)
Trimipramine,Sertraline,moderate,ndf-rt+openfda(b_in_a_label)
Trimipramine,Paroxetine,moderate,ndf-rt+openfda(b_in_a_label)
Trimipramine,Linezolid,severe,ndf-rt+openfda(b_in_a_label)
Trimipramine,Tramadol,severe,ndf-rt+openfda(b_in_a_label)
Vancomycin,Cidofovir,severe,ndf-rt+openfda(a_in_b_label)
Vecuronium,Desflurane,moderate,ndf-rt+openfda(a_in_b_label)
Vecuronium,Sevoflurane,moderate,ndf-rt+openfda(a_in_b_label)
Verapamil,Clarithromycin,moderate,ndf-rt+openfda(a_in_b_label)
Verapamil,Simvastatin,severe,ndf-rt+openfda(a_in_b_label)
Verapamil,Sotalol,severe,ndf-rt+openfda(a_in_b_label)
Verapamil,Tacrolimus,moderate,ndf-rt+openfda(a_in_b_label)
Verapamil,Tizanidine,severe,ndf-rt+openfda(a_in_b_label)
Verapamil,Rifapentine,reported,ndf-rt+openfda(a_in_b_label)
Verapamil,Dofetilide,severe,ndf-rt+openfda(a_in_b_label)
Verapamil,Eplerenone,severe,ndf-rt+openfda(a_in_b_label)
Verapamil,Telithromycin,reported,ndf-rt+openfda(b_in_a_label)
Verapamil,Bisoprolol,reported,ndf-rt+openfda(a_in_b_label)
Verapamil,Atorvastatin,moderate,ndf-rt+openfda(b_in_a_label)
Verapamil,Ranolazine,moderate,ndf-rt+openfda(a_in_b_label)
Verapamil,Everolimus,moderate,ndf-rt+openfda(a_in_b_label)
Verapamil,Fingolimod,reported,ndf-rt+openfda(a_in_b_label)
Verapamil,Lurasidone,reported,ndf-rt+openfda(a_in_b_label)
Vinblastine,Tolterodine,severe,ndf-rt+openfda(a_in_b_label)
Vinblastine,Posaconazole,moderate,ndf-rt+openfda(a_in_b_label)
Vincristine,Itraconazole,moderate,ndf-rt+openfda(b_in_a_label)
Vincristine,Ritonavir,severe,ndf-rt+openfda(a_in_b_label)
Vincristine,Atazanavir,severe,ndf-rt+openfda(a_in_b_label)
Vincristine,Posaconazole,moderate,ndf-rt+openfda(a_in_b_label)
Warfarin,Azithromycin,severe,ndf-rt+openfda(a_in_b_label)
Warfarin,Clarithromycin,severe,ndf-rt+openfda(a_in_b_label)
Warfarin,Nabumetone,moderate,ndf-rt+openfda(a_in_b_label)
Warfarin,Simvastatin,reported,ndf-rt+openfda(a_in_b_label)
Warfarin,Ticlopidine,reported,ndf-rt+openfda(b_in_a_label)
Warfarin,Sertraline,moderate,ndf-rt+openfda(a_in_b_label)
Warfarin,Itraconazole,severe,ndf-rt+openfda(a_in_b_label)
Warfarin,Oxaprozin,moderate,ndf-rt+openfda(a_in_b_label)
Warfarin,Rifabutin,reported,ndf-rt+openfda(a_in_b_label)
Warfarin,Paroxetine,moderate,ndf-rt+openfda(a_in_b_label)
Warfarin,Ritonavir,moderate,ndf-rt+openfda(a_in_b_label)
Warfarin,Zafirlukast,moderate,ndf-rt+openfda(a_in_b_label)
Warfarin,Nevirapine,moderate,ndf-rt+openfda(a_in_b_label)
Warfarin,Levofloxacin,moderate,ndf-rt+openfda(a_in_b_label)
Warfarin,Capecitabine,moderate,ndf-rt+openfda(a_in_b_label)
Warfarin,Rifapentine,reported,ndf-rt+openfda(a_in_b_label)
Warfarin,Citalopram,severe,ndf-rt+openfda(a_in_b_label)
Warfarin,Leflunomide,moderate,ndf-rt+openfda(a_in_b_label)
Warfarin,Efavirenz,severe,ndf-rt+openfda(a_in_b_label)
Warfarin,Celecoxib,moderate,ndf-rt+openfda(a_in_b_label)
Warfarin,Orlistat,moderate,ndf-rt+openfda(a_in_b_label)
Warfarin,Moxifloxacin,moderate,ndf-rt+openfda(a_in_b_label)
Warfarin,Meloxicam,moderate,ndf-rt+openfda(a_in_b_label)
Warfarin,Colesevelam,moderate,ndf-rt+openfda(a_in_b_label)
Warfarin,Mifepristone,moderate,ndf-rt+openfda(a_in_b_label)
Warfarin,Imatinib,moderate,ndf-rt+openfda(a_in_b_label)
Warfarin,Bivalirudin,severe,ndf-rt+openfda(a_in_b_label)
Warfarin,Bosentan,reported,ndf-rt+openfda(b_in_a_label)
Warfarin,Voriconazole,moderate,ndf-rt+openfda(a_in_b_label)
Warfarin,Aprepitant,moderate,ndf-rt+openfda(a_in_b_label)
Warfarin,Gefitinib,moderate,ndf-rt+openfda(a_in_b_label)
Warfarin,Rosuvastatin,reported,ndf-rt+openfda(a_in_b_label)
Warfarin,Tinidazole,moderate,ndf-rt+openfda(a_in_b_label)
Warfarin,Telithromycin,reported,ndf-rt+openfda(b_in_a_label)
Warfarin,Duloxetine,reported,ndf-rt+openfda(a_in_b_label)
Warfarin,Erlotinib,severe,ndf-rt+openfda(a_in_b_label)
Warfarin,Meclofenamate,severe,ndf-rt+openfda(a_in_b_label)
Warfarin,Venlafaxine,reported,ndf-rt+openfda(a_in_b_label)
Warfarin,Fluvastatin,moderate,ndf-rt+openfda(a_in_b_label)
Warfarin,Fluvoxamine,moderate,ndf-rt+openfda(a_in_b_label)
Warfarin,Tramadol,moderate,ndf-rt+openfda(a_in_b_label)
Warfarin,Indinavir,reported,ndf-rt+openfda(b_in_a_label)
Warfarin,Fosphenytoin,moderate,ndf-rt+openfda(a_in_b_label)
Warfarin,Clopidogrel,reported,ndf-rt+openfda(a_in_b_label)
Warfarin,Toremifene,moderate,ndf-rt+openfda(a_in_b_label)
Warfarin,Escitalopram,severe,ndf-rt+openfda(a_in_b_label)
Warfarin,Tipranavir,reported,ndf-rt+openfda(b_in_a_label)
Warfarin,Tigecycline,moderate,ndf-rt+openfda(a_in_b_label)
Warfarin,Sorafenib,moderate,ndf-rt+openfda(a_in_b_label)
Warfarin,Milnacipran,moderate,ndf-rt+openfda(a_in_b_label)
Warfarin,Darunavir,reported,ndf-rt+openfda(a_in_b_label)
Warfarin,Etravirine,moderate,ndf-rt+openfda(a_in_b_label)
Warfarin,Desvenlafaxine,moderate,ndf-rt+openfda(a_in_b_label)
Warfarin,Dronedarone,moderate,ndf-rt+openfda(a_in_b_label)
Warfarin,Romidepsin,moderate,ndf-rt+openfda(a_in_b_label)
Warfarin,Vilazodone,moderate,ndf-rt+openfda(a_in_b_label)
Warfarin,Rivaroxaban,moderate,ndf-rt+openfda(a_in_b_label)
Dextroamphetamine,Linezolid,moderate,ndf-rt+openfda(b_in_a_label)
Azithromycin,Sotalol,moderate,ndf-rt+openfda(b_in_a_label)
Azithromycin,Dofetilide,moderate,ndf-rt+openfda(b_in_a_label)
Azithromycin,Ergotamine,severe,ndf-rt+openfda(b_in_a_label)
Clarithromycin,Simvastatin,severe,ndf-rt+openfda(a_in_b_label)
Clarithromycin,Pravastatin,reported,ndf-rt+openfda(a_in_b_label)
Clarithromycin,Paclitaxel,moderate,ndf-rt+openfda(a_in_b_label)
Clarithromycin,Rifabutin,moderate,ndf-rt+openfda(a_in_b_label)
Clarithromycin,Amlodipine,moderate,ndf-rt+openfda(a_in_b_label)
Clarithromycin,Sotalol,severe,ndf-rt+openfda(b_in_a_label)
Clarithromycin,Cisapride,severe,ndf-rt+openfda(b_in_a_label)
Clarithromycin,Tacrolimus,moderate,ndf-rt+openfda(a_in_b_label)
Clarithromycin,Saquinavir,moderate,ndf-rt+openfda(b_in_a_label)
Clarithromycin,Ritonavir,moderate,ndf-rt+openfda(a_in_b_label)
Clarithromycin,Nevirapine,moderate,ndf-rt+openfda(a_in_b_label)
Clarithromycin,Repaglinide,moderate,ndf-rt+openfda(a_in_b_label)
Clarithromycin,Citalopram,moderate,ndf-rt+openfda(b_in_a_label)
Clarithromycin,Efavirenz,severe,ndf-rt+openfda(a_in_b_label)
Clarithromycin,Trastuzumab,reported,ndf-rt+openfda(a_in_b_label)
Clarithromycin,Cilostazol,moderate,ndf-rt+openfda(b_in_a_label)
Clarithromycin,Sirolimus,moderate,ndf-rt+openfda(a_in_b_label)
Clarithromycin,Dofetilide,severe,ndf-rt+openfda(b_in_a_label)
Clarithromycin,Mifepristone,moderate,ndf-rt+openfda(a_in_b_label)
Clarithromycin,Esomeprazole,severe,ndf-rt+openfda(a_in_b_label)
Clarithromycin,Eplerenone,severe,ndf-rt+openfda(a_in_b_label)
Clarithromycin,Aripiprazole,moderate,ndf-rt+openfda(a_in_b_label)
Clarithromycin,Eletriptan,severe,ndf-rt+openfda(a_in_b_label)
Clarithromycin,Vardenafil,severe,ndf-rt+openfda(a_in_b_label)
Clarithromycin,Tadalafil,moderate,ndf-rt+openfda(b_in_a_label)
Clarithromycin,Erlotinib,moderate,ndf-rt+openfda(a_in_b_label)
Clarithromycin,Ergotamine,severe,ndf-rt+openfda(a_in_b_label)
Clarithromycin,Salmeterol,severe,ndf-rt+openfda(a_in_b_label)
Clarithromycin,Irinotecan,moderate,ndf-rt+openfda(a_in_b_label)
Clarithromycin,Atorvastatin,moderate,ndf-rt+openfda(a_in_b_label)
Clarithromycin,Anagrelide,moderate,ndf-rt+openfda(a_in_b_label)
Clarithromycin,Quetiapine,severe,ndf-rt+openfda(b_in_a_label)
Clarithromycin,Toremifene,moderate,ndf-rt+openfda(a_in_b_label)
Clarithromycin,Sildenafil,moderate,ndf-rt+openfda(b_in_a_label)
Clarithromycin,Tolterodine,severe,ndf-rt+openfda(a_in_b_label)
Clarithromycin,Atazanavir,severe,ndf-rt+openfda(a_in_b_label)
Clarithromycin,Darifenacin,moderate,ndf-rt+openfda(a_in_b_label)
Clarithromycin,Eszopiclone,reported,ndf-rt+openfda(a_in_b_label)
Clarithromycin,Ranolazine,severe,ndf-rt+openfda(a_in_b_label)
Clarithromycin,Darunavir,severe,ndf-rt+openfda(a_in_b_label)
Clarithromycin,Dasatinib,moderate,ndf-rt+openfda(b_in_a_label)
Clarithromycin,Maraviroc,moderate,ndf-rt+openfda(b_in_a_label)
Clarithromycin,Nilotinib,moderate,ndf-rt+openfda(b_in_a_label)
Clarithromycin,Etravirine,moderate,ndf-rt+openfda(a_in_b_label)
Clarithromycin,Silodosin,severe,ndf-rt+openfda(a_in_b_label)
Clarithromycin,Fesoterodine,severe,ndf-rt+openfda(a_in_b_label)
Clarithromycin,Everolimus,severe,ndf-rt+openfda(a_in_b_label)
Clarithromycin,Dronedarone,severe,ndf-rt+openfda(a_in_b_label)
Clarithromycin,Saxagliptin,reported,ndf-rt+openfda(a_in_b_label)
Clarithromycin,Cabazitaxel,moderate,ndf-rt+openfda(a_in_b_label)
Clarithromycin,Lurasidone,severe,ndf-rt+openfda(a_in_b_label)
Clarithromycin,Vilazodone,moderate,ndf-rt+openfda(a_in_b_label)
Clarithromycin,Boceprevir,moderate,ndf-rt+openfda(b_in_a_label)
Clarithromycin,Rivaroxaban,moderate,ndf-rt+openfda(a_in_b_label)
Clarithromycin,Ticagrelor,reported,ndf-rt+openfda(a_in_b_label)
Clarithromycin,Ivacaftor,moderate,ndf-rt+openfda(a_in_b_label)
Didanosine,Tenofovir,moderate,ndf-rt+openfda(a_in_b_label)
Didanosine,Atazanavir,reported,ndf-rt+openfda(a_in_b_label)
Enoxacin,Duloxetine,moderate,ndf-rt+openfda(a_in_b_label)
Felodipine,Itraconazole,reported,ndf-rt+openfda(a_in_b_label)
Felodipine,Tacrolimus,moderate,ndf-rt+openfda(b_in_a_label)
Isosorbide Mononitrate,Vardenafil,severe,ndf-rt+openfda(b_in_a_label)
Isosorbide Mononitrate,Tadalafil,severe,ndf-rt+openfda(b_in_a_label)
Isosorbide Mononitrate,Sildenafil,severe,ndf-rt+openfda(b_in_a_label)
Pentostatin,Nelarabine,severe,ndf-rt+openfda(a_in_b_label)
Simvastatin,Itraconazole,severe,ndf-rt+openfda(a_in_b_label)
Simvastatin,Amlodipine,moderate,ndf-rt+openfda(a_in_b_label)
Simvastatin,Nefazodone,moderate,ndf-rt+openfda(a_in_b_label)
Simvastatin,Ritonavir,severe,ndf-rt+openfda(a_in_b_label)
Simvastatin,Fenofibrate,moderate,ndf-rt+openfda(b_in_a_label)
Simvastatin,Mifepristone,severe,ndf-rt+openfda(a_in_b_label)
Simvastatin,Imatinib,moderate,ndf-rt+openfda(a_in_b_label)
Simvastatin,Voriconazole,severe,ndf-rt+openfda(b_in_a_label)
Simvastatin,Fosamprenavir,severe,ndf-rt+openfda(a_in_b_label)
Simvastatin,Daptomycin,moderate,ndf-rt+openfda(a_in_b_label)
Simvastatin,Telithromycin,severe,ndf-rt+openfda(b_in_a_label)
Simvastatin,Nelfinavir,moderate,ndf-rt+openfda(a_in_b_label)
Simvastatin,Atazanavir,severe,ndf-rt+openfda(a_in_b_label)
Simvastatin,Ranolazine,reported,ndf-rt+openfda(a_in_b_label)
Simvastatin,Darunavir,severe,ndf-rt+openfda(a_in_b_label)
Simvastatin,Posaconazole,severe,ndf-rt+openfda(a_in_b_label)
Simvastatin,Fenofibric Acid,severe,ndf-rt+openfda(b_in_a_label)
Simvastatin,Dronedarone,reported,ndf-rt+openfda(a_in_b_label)
Simvastatin,Boceprevir,severe,ndf-rt+openfda(b_in_a_label)
Simvastatin,Telaprevir,severe,ndf-rt+openfda(b_in_a_label)
Simvastatin,Ticagrelor,moderate,ndf-rt+openfda(a_in_b_label)
Ticlopidine,Tizanidine,reported,ndf-rt+openfda(a_in_b_label)
Ticlopidine,Fosphenytoin,moderate,ndf-rt+openfda(a_in_b_label)
Ticlopidine,Clobazam,severe,ndf-rt+openfda(a_in_b_label)
Fluticasone,Saquinavir,severe,ndf-rt+openfda(b_in_a_label)
Fluticasone,Ritonavir,moderate,ndf-rt+openfda(a_in_b_label)
Fluticasone,Fosamprenavir,severe,ndf-rt+openfda(a_in_b_label)
Foscarnet,Tacrolimus,reported,ndf-rt+openfda(b_in_a_label)
Foscarnet,Saquinavir,reported,ndf-rt+openfda(b_in_a_label)
Foscarnet,Cidofovir,severe,ndf-rt+openfda(a_in_b_label)
Fosinopril,Aliskiren,moderate,ndf-rt+openfda(b_in_a_label)
Fosinopril,Temsirolimus,reported,ndf-rt+openfda(b_in_a_label)
Pravastatin,Ritonavir,moderate,ndf-rt+openfda(a_in_b_label)
Pravastatin,Fenofibrate,reported,ndf-rt+openfda(a_in_b_label)
Quinapril,Aliskiren,moderate,ndf-rt+openfda(b_in_a_label)
Quinapril,Temsirolimus,reported,ndf-rt+openfda(b_in_a_label)
Sertraline,Sumatriptan,reported,ndf-rt+openfda(b_in_a_label)
Sertraline,Linezolid,severe,ndf-rt+openfda(b_in_a_label)
Sertraline,Venlafaxine,moderate,ndf-rt+openfda(b_in_a_label)
Sertraline,Tramadol,moderate,ndf-rt+openfda(b_in_a_label)
Itraconazole,Paclitaxel,moderate,ndf-rt+openfda(a_in_b_label)
Itraconazole,Rifabutin,moderate,ndf-rt+openfda(a_in_b_label)
Itraconazole,Amlodipine,moderate,ndf-rt+openfda(a_in_b_label)
Itraconazole,Cisapride,severe,ndf-rt+openfda(b_in_a_label)
Itraconazole,Risperidone,moderate,ndf-rt+openfda(b_in_a_label)
Itraconazole,Levomethadyl,severe,ndf-rt+openfda(b_in_a_label)
Itraconazole,Tacrolimus,moderate,ndf-rt+openfda(a_in_b_label)
Itraconazole,Lansoprazole,reported,ndf-rt+openfda(a_in_b_label)
Itraconazole,Saquinavir,severe,ndf-rt+openfda(b_in_a_label)
Itraconazole,Nisoldipine,severe,ndf-rt+openfda(b_in_a_label)
Itraconazole,Ritonavir,severe,ndf-rt+openfda(a_in_b_label)
Itraconazole,Docetaxel,severe,ndf-rt+openfda(b_in_a_label)
Itraconazole,Nevirapine,moderate,ndf-rt+openfda(a_in_b_label)
Itraconazole,Cabergoline,severe,ndf-rt+openfda(b_in_a_label)
Itraconazole,Repaglinide,moderate,ndf-rt+openfda(a_in_b_label)
Itraconazole,Rifapentine,reported,ndf-rt+openfda(a_in_b_label)
Itraconazole,Efavirenz,moderate,ndf-rt+openfda(a_in_b_label)
Itraconazole,Trastuzumab,reported,ndf-rt+openfda(a_in_b_label)
Itraconazole,Cilostazol,severe,ndf-rt+openfda(b_in_a_label)
Itraconazole,Rabeprazole,reported,ndf-rt+openfda(a_in_b_label)
Itraconazole,Sirolimus,moderate,ndf-rt+openfda(a_in_b_label)
Itraconazole,Dofetilide,severe,ndf-rt+openfda(b_in_a_label)
Itraconazole,Pantoprazole,reported,ndf-rt+openfda(a_in_b_label)
Itraconazole,Mifepristone,moderate,ndf-rt+openfda(a_in_b_label)
Itraconazole,Esomeprazole,moderate,ndf-rt+openfda(a_in_b_label)
Itraconazole,Bosentan,moderate,ndf-rt+openfda(a_in_b_label)
Itraconazole,Eplerenone,severe,ndf-rt+openfda(a_in_b_label)
Itraconazole,Aripiprazole,moderate,ndf-rt+openfda(a_in_b_label)
Itraconazole,Eletriptan,severe,ndf-rt+openfda(a_in_b_label)
Itraconazole,Alfuzosin,severe,ndf-rt+openfda(a_in_b_label)
Itraconazole,Vardenafil,severe,ndf-rt+openfda(a_in_b_label)
Itraconazole,Fosamprenavir,moderate,ndf-rt+openfda(a_in_b_label)
Itraconazole,Tadalafil,moderate,ndf-rt+openfda(a_in_b_label)
Itraconazole,Cinacalcet,moderate,ndf-rt+openfda(a_in_b_label)
Itraconazole,Telithromycin,moderate,ndf-rt+openfda(b_in_a_label)
Itraconazole,Ergonovine,severe,ndf-rt+openfda(b_in_a_label)
Itraconazole,Ergotamine,severe,ndf-rt+openfda(a_in_b_label)
Itraconazole,Salmeterol,severe,ndf-rt+openfda(a_in_b_label)
Itraconazole,Indinavir,severe,ndf-rt+openfda(b_in_a_label)
Itraconazole,Irinotecan,moderate,ndf-rt+openfda(a_in_b_label)
Itraconazole,Fosphenytoin,moderate,ndf-rt+openfda(a_in_b_label)
Itraconazole,Atorvastatin,moderate,ndf-rt+openfda(a_in_b_label)
Itraconazole,Tamsulosin,severe,ndf-rt+openfda(b_in_a_label)
Itraconazole,Quetiapine,moderate,ndf-rt+openfda(a_in_b_label)
Itraconazole,Toremifene,reported,ndf-rt+openfda(a_in_b_label)
Itraconazole,Sildenafil,reported,ndf-rt+openfda(a_in_b_label)
Itraconazole,Tolterodine,severe,ndf-rt+openfda(a_in_b_label)
Itraconazole,Solifenacin,severe,ndf-rt+openfda(b_in_a_label)
Itraconazole,Darifenacin,moderate,ndf-rt+openfda(a_in_b_label)
Itraconazole,Eszopiclone,reported,ndf-rt+openfda(a_in_b_label)
Itraconazole,Ranolazine,severe,ndf-rt+openfda(a_in_b_label)
Itraconazole,Sunitinib,severe,ndf-rt+openfda(b_in_a_label)
Itraconazole,Conivaptan,severe,ndf-rt+openfda(b_in_a_label)
Itraconazole,Darunavir,moderate,ndf-rt+openfda(a_in_b_label)
Itraconazole,Dasatinib,severe,ndf-rt+openfda(b_in_a_label)
Itraconazole,Aliskiren,moderate,ndf-rt+openfda(a_in_b_label)
Itraconazole,Lapatinib,severe,ndf-rt+openfda(b_in_a_label)
Itraconazole,Temsirolimus,severe,ndf-rt+openfda(b_in_a_label)
Itraconazole,Maraviroc,severe,ndf-rt+openfda(b_in_a_label)
Itraconazole,Ixabepilone,moderate,ndf-rt+openfda(b_in_a_label)
Itraconazole,Nilotinib,severe,ndf-rt+openfda(b_in_a_label)
Itraconazole,Etravirine,moderate,ndf-rt+openfda(a_in_b_label)
Itraconazole,Silodosin,severe,ndf-rt+openfda(a_in_b_label)
Itraconazole,Fesoterodine,severe,ndf-rt+openfda(a_in_b_label)
Itraconazole,Dexlansoprazole,reported,ndf-rt+openfda(a_in_b_label)
Itraconazole,Everolimus,severe,ndf-rt+openfda(a_in_b_label)
Itraconazole,Tolvaptan,severe,ndf-rt+openfda(b_in_a_label)
Itraconazole,Dronedarone,severe,ndf-rt+openfda(a_in_b_label)
Itraconazole,Saxagliptin,reported,ndf-rt+openfda(a_in_b_label)
Itraconazole,Pazopanib,severe,ndf-rt+openfda(b_in_a_label)
Itraconazole,Cabazitaxel,moderate,ndf-rt+openfda(a_in_b_label)
Itraconazole,Lurasidone,reported,ndf-rt+openfda(b_in_a_label)
Itraconazole,Vilazodone,moderate,ndf-rt+openfda(a_in_b_label)
Itraconazole,Rivaroxaban,severe,ndf-rt+openfda(b_in_a_label)
Itraconazole,Ticagrelor,reported,ndf-rt+openfda(a_in_b_label)
Itraconazole,Crizotinib,severe,ndf-rt+openfda(b_in_a_label)
Itraconazole,Ruxolitinib,moderate,ndf-rt+openfda(b_in_a_label)
Itraconazole,Axitinib,severe,ndf-rt+openfda(b_in_a_label)
Itraconazole,Ivacaftor,moderate,ndf-rt+openfda(a_in_b_label)
Tranexamic Acid,Anti-Inhibitor Coagulant Complex,severe,ndf-rt+openfda(a_in_b_label)
Teniposide,Fosphenytoin,severe,ndf-rt+openfda(a_in_b_label)
Desflurane,Dexmethylphenidate,moderate,ndf-rt+openfda(a_in_b_label)
Oxaprozin,Pemetrexed,severe,ndf-rt+openfda(b_in_a_label)
Paclitaxel,Nefazodone,moderate,ndf-rt+openfda(b_in_a_label)
Paclitaxel,Saquinavir,moderate,ndf-rt+openfda(b_in_a_label)
Paclitaxel,Ritonavir,moderate,ndf-rt+openfda(b_in_a_label)
Paclitaxel,Telithromycin,moderate,ndf-rt+openfda(b_in_a_label)
Paclitaxel,Indinavir,moderate,ndf-rt+openfda(b_in_a_label)
Paclitaxel,Fosphenytoin,severe,ndf-rt+openfda(a_in_b_label)
Paclitaxel,Nelfinavir,moderate,ndf-rt+openfda(b_in_a_label)
Paclitaxel,Atazanavir,severe,ndf-rt+openfda(a_in_b_label)
Rifabutin,Tacrolimus,moderate,ndf-rt+openfda(a_in_b_label)
Rifabutin,Saquinavir,moderate,ndf-rt+openfda(b_in_a_label)
Rifabutin,Ritonavir,severe,ndf-rt+openfda(a_in_b_label)
Rifabutin,Efavirenz,moderate,ndf-rt+openfda(a_in_b_label)
Rifabutin,Amprenavir,moderate,ndf-rt+openfda(b_in_a_label)
Rifabutin,Sirolimus,moderate,ndf-rt+openfda(a_in_b_label)
Rifabutin,Etonogestrel,moderate,ndf-rt+openfda(a_in_b_label)
Rifabutin,Voriconazole,severe,ndf-rt+openfda(a_in_b_label)
Rifabutin,Fosamprenavir,moderate,ndf-rt+openfda(a_in_b_label)
Rifabutin,Erlotinib,reported,ndf-rt+openfda(a_in_b_label)
Rifabutin,Estrone,severe,ndf-rt+openfda(b_in_a_label)
Rifabutin,Indinavir,reported,ndf-rt+openfda(b_in_a_label)
Rifabutin,Irinotecan,reported,ndf-rt+openfda(a_in_b_label)
Rifabutin,Nelfinavir,moderate,ndf-rt+openfda(a_in_b_label)
Rifabutin,Delavirdine,severe,ndf-rt+openfda(b_in_a_label)
Rifabutin,Toremifene,moderate,ndf-rt+openfda(a_in_b_label)
Rifabutin,Atazanavir,severe,ndf-rt+openfda(a_in_b_label)
Rifabutin,Ranolazine,severe,ndf-rt+openfda(a_in_b_label)
Rifabutin,Darunavir,severe,ndf-rt+openfda(a_in_b_label)
Rifabutin,Dasatinib,moderate,ndf-rt+openfda(b_in_a_label)
Rifabutin,Posaconazole,moderate,ndf-rt+openfda(a_in_b_label)
Rifabutin,Nilotinib,moderate,ndf-rt+openfda(b_in_a_label)
Rifabutin,Etravirine,severe,ndf-rt+openfda(a_in_b_label)
Rifabutin,Everolimus,severe,ndf-rt+openfda(a_in_b_label)
Rifabutin,Rilpivirine,severe,ndf-rt+openfda(a_in_b_label)
Rifabutin,Axitinib,reported,ndf-rt+openfda(a_in_b_label)
Rifabutin,Ivacaftor,severe,ndf-rt+openfda(a_in_b_label)
Amlodipine,Ritonavir,severe,ndf-rt+openfda(a_in_b_label)
Sotalol,Citalopram,reported,ndf-rt+openfda(a_in_b_label)
Sotalol,Moxifloxacin,moderate,ndf-rt+openfda(a_in_b_label)
Sotalol,Ziprasidone,reported,ndf-rt+openfda(a_in_b_label)
Sotalol,Toremifene,moderate,ndf-rt+openfda(a_in_b_label)
Sotalol,Tetrabenazine,reported,ndf-rt+openfda(a_in_b_label)
Paroxetine,Risperidone,moderate,ndf-rt+openfda(a_in_b_label)
Paroxetine,Rizatriptan,moderate,ndf-rt+openfda(a_in_b_label)
Paroxetine,Linezolid,severe,ndf-rt+openfda(b_in_a_label)
Paroxetine,Duloxetine,moderate,ndf-rt+openfda(a_in_b_label)
Paroxetine,Tramadol,reported,ndf-rt+openfda(a_in_b_label)
Paroxetine,Atomoxetine,severe,ndf-rt+openfda(a_in_b_label)
Paroxetine,Tetrabenazine,moderate,ndf-rt+openfda(a_in_b_label)
Benazepril,Sirolimus,moderate,ndf-rt+openfda(b_in_a_label)
Benazepril,Aliskiren,reported,ndf-rt+openfda(b_in_a_label)
Benazepril,Temsirolimus,moderate,ndf-rt+openfda(b_in_a_label)
Benazepril,Everolimus,moderate,ndf-rt+openfda(b_in_a_label)
Cisapride,Nefazodone,severe,ndf-rt+openfda(a_in_b_label)
Cisapride,Ritonavir,severe,ndf-rt+openfda(a_in_b_label)
Cisapride,Nevirapine,reported,ndf-rt+openfda(a_in_b_label)
Cisapride,Olanzapine,reported,ndf-rt+openfda(a_in_b_label)
Cisapride,Dofetilide,severe,ndf-rt+openfda(a_in_b_label)
Cisapride,Voriconazole,severe,ndf-rt+openfda(a_in_b_label)
Cisapride,Fosamprenavir,severe,ndf-rt+openfda(a_in_b_label)
Cisapride,Nelfinavir,severe,ndf-rt+openfda(a_in_b_label)
Enoxaparin,Rivaroxaban,moderate,ndf-rt+openfda(a_in_b_label)
Felbamate,Etonogestrel,moderate,ndf-rt+openfda(a_in_b_label)
Felbamate,Fosphenytoin,moderate,ndf-rt+openfda(a_in_b_label)
Felbamate,Ulipristal,moderate,ndf-rt+openfda(a_in_b_label)
Risperidone,Ritonavir,severe,ndf-rt+openfda(a_in_b_label)
Risperidone,Topiramate,reported,ndf-rt+openfda(b_in_a_label)
Levomethadyl,Citalopram,reported,ndf-rt+openfda(a_in_b_label)
Tacrolimus,Nefazodone,moderate,ndf-rt+openfda(a_in_b_label)
Tacrolimus,Lansoprazole,severe,ndf-rt+openfda(a_in_b_label)
Tacrolimus,Ritonavir,severe,ndf-rt+openfda(a_in_b_label)
Tacrolimus,Rifapentine,moderate,ndf-rt+openfda(a_in_b_label)
Tacrolimus,Ziprasidone,severe,ndf-rt+openfda(a_in_b_label)
Tacrolimus,Caspofungin,moderate,ndf-rt+openfda(a_in_b_label)
Tacrolimus,Voriconazole,moderate,ndf-rt+openfda(a_in_b_label)
Tacrolimus,Fosamprenavir,moderate,ndf-rt+openfda(a_in_b_label)
Tacrolimus,Fosphenytoin,moderate,ndf-rt+openfda(a_in_b_label)
Tacrolimus,Nelfinavir,reported,ndf-rt+openfda(a_in_b_label)
Tacrolimus,Atazanavir,moderate,ndf-rt+openfda(a_in_b_label)
Tacrolimus,Darunavir,moderate,ndf-rt+openfda(a_in_b_label)
Tacrolimus,Posaconazole,severe,ndf-rt+openfda(a_in_b_label)
Tacrolimus,Etravirine,moderate,ndf-rt+openfda(a_in_b_label)
Tacrolimus,Dexlansoprazole,moderate,ndf-rt+openfda(a_in_b_label)
Tacrolimus,Dronedarone,moderate,ndf-rt+openfda(a_in_b_label)
Tacrolimus,Boceprevir,moderate,ndf-rt+openfda(b_in_a_label)
Tacrolimus,Telaprevir,moderate,ndf-rt+openfda(b_in_a_label)
Tacrolimus,Ivacaftor,moderate,ndf-rt+openfda(a_in_b_label)
Budesonide,Saquinavir,severe,ndf-rt+openfda(b_in_a_label)
Budesonide,Ritonavir,moderate,ndf-rt+openfda(a_in_b_label)
Nefazodone,Ritonavir,moderate,ndf-rt+openfda(a_in_b_label)
Nefazodone,Trastuzumab,reported,ndf-rt+openfda(a_in_b_label)
Nefazodone,Mifepristone,moderate,ndf-rt+openfda(a_in_b_label)
Nefazodone,Eplerenone,severe,ndf-rt+openfda(a_in_b_label)
Nefazodone,Eletriptan,severe,ndf-rt+openfda(a_in_b_label)
Nefazodone,Erlotinib,reported,ndf-rt+openfda(a_in_b_label)
Nefazodone,Ergotamine,moderate,ndf-rt+openfda(a_in_b_label)
Nefazodone,Salmeterol,severe,ndf-rt+openfda(a_in_b_label)
Nefazodone,Irinotecan,moderate,ndf-rt+openfda(a_in_b_label)
Nefazodone,Atorvastatin,moderate,ndf-rt+openfda(b_in_a_label)
Nefazodone,Quetiapine,moderate,ndf-rt+openfda(a_in_b_label)
Nefazodone,Toremifene,reported,ndf-rt+openfda(a_in_b_label)
Nefazodone,Eszopiclone,reported,ndf-rt+openfda(a_in_b_label)
Nefazodone,Ranolazine,severe,ndf-rt+openfda(a_in_b_label)
Nefazodone,Dronedarone,severe,ndf-rt+openfda(a_in_b_label)
Nefazodone,Saxagliptin,reported,ndf-rt+openfda(a_in_b_label)
Nefazodone,Cabazitaxel,moderate,ndf-rt+openfda(a_in_b_label)
Nefazodone,Ticagrelor,reported,ndf-rt+openfda(a_in_b_label)
Lamotrigine,Ritonavir,severe,ndf-rt+openfda(a_in_b_label)
Losartan,Aliskiren,reported,ndf-rt+openfda(b_in_a_label)
Mycophenolate Mofetil,Lansoprazole,reported,ndf-rt+openfda(a_in_b_label)
Mycophenolate Mofetil,Rabeprazole,moderate,ndf-rt+openfda(a_in_b_label)
Mycophenolate Mofetil,Pantoprazole,moderate,ndf-rt+openfda(a_in_b_label)
Mycophenolate Mofetil,Esomeprazole,moderate,ndf-rt+openfda(a_in_b_label)
Mycophenolate Mofetil,Dexlansoprazole,moderate,ndf-rt+openfda(a_in_b_label)
Lansoprazole,Mycophenolic Acid,reported,ndf-rt+openfda(b_in_a_label)
Lansoprazole,Erlotinib,reported,ndf-rt+openfda(b_in_a_label)
Lansoprazole,Nelfinavir,moderate,ndf-rt+openfda(b_in_a_label)
Lansoprazole,Clopidogrel,moderate,ndf-rt+openfda(a_in_b_label)
Lansoprazole,Atazanavir,moderate,ndf-rt+openfda(b_in_a_label)
Lansoprazole,Dasatinib,reported,ndf-rt+openfda(b_in_a_label)
Lansoprazole,Mycophenolate,moderate,ndf-rt+openfda(a_in_b_label)
Lansoprazole,Nilotinib,reported,ndf-rt+openfda(b_in_a_label)
Lansoprazole,Rilpivirine,severe,ndf-rt+openfda(a_in_b_label)
Sevoflurane,Dexmethylphenidate,moderate,ndf-rt+openfda(a_in_b_label)
Saquinavir,Nevirapine,moderate,ndf-rt+openfda(a_in_b_label)
Saquinavir,Efavirenz,moderate,ndf-rt+openfda(a_in_b_label)
Saquinavir,Trastuzumab,reported,ndf-rt+openfda(a_in_b_label)
Saquinavir,Formoterol,moderate,ndf-rt+openfda(a_in_b_label)
Saquinavir,Eplerenone,severe,ndf-rt+openfda(a_in_b_label)
Saquinavir,Vardenafil,severe,ndf-rt+openfda(a_in_b_label)
Saquinavir,Fosamprenavir,moderate,ndf-rt+openfda(a_in_b_label)
Saquinavir,Erlotinib,reported,ndf-rt+openfda(a_in_b_label)
Saquinavir,Ergotamine,moderate,ndf-rt+openfda(a_in_b_label)
Saquinavir,Salmeterol,severe,ndf-rt+openfda(a_in_b_label)
Saquinavir,Irinotecan,moderate,ndf-rt+openfda(a_in_b_label)
Saquinavir,Fosphenytoin,moderate,ndf-rt+openfda(a_in_b_label)
Saquinavir,Atorvastatin,severe,ndf-rt+openfda(a_in_b_label)
Saquinavir,Nelfinavir,reported,ndf-rt+openfda(a_in_b_label)
Saquinavir,Toremifene,reported,ndf-rt+openfda(a_in_b_label)
Saquinavir,Sildenafil,severe,ndf-rt+openfda(a_in_b_label)
Saquinavir,Atazanavir,severe,ndf-rt+openfda(a_in_b_label)
Saquinavir,Ranolazine,severe,ndf-rt+openfda(a_in_b_label)
Saquinavir,Darunavir,moderate,ndf-rt+openfda(a_in_b_label)
Saquinavir,Saxagliptin,reported,ndf-rt+openfda(a_in_b_label)
Saquinavir,Cabazitaxel,moderate,ndf-rt+openfda(a_in_b_label)
Saquinavir,Ticagrelor,reported,ndf-rt+openfda(a_in_b_label)
Nisoldipine,Fosphenytoin,moderate,ndf-rt+openfda(a_in_b_label)
Ritonavir,Docetaxel,moderate,ndf-rt+openfda(a_in_b_label)
Ritonavir,Rifapentine,severe,ndf-rt+openfda(b_in_a_label)
Ritonavir,Efavirenz,moderate,ndf-rt+openfda(a_in_b_label)
Ritonavir,Trastuzumab,reported,ndf-rt+openfda(a_in_b_label)
Ritonavir,Amprenavir,moderate,ndf-rt+openfda(b_in_a_label)
Ritonavir,Sirolimus,reported,ndf-rt+openfda(a_in_b_label)
Ritonavir,Mifepristone,moderate,ndf-rt+openfda(a_in_b_label)
Ritonavir,Bosentan,reported,ndf-rt+openfda(b_in_a_label)
Ritonavir,Etonogestrel,reported,ndf-rt+openfda(a_in_b_label)
Ritonavir,Voriconazole,severe,ndf-rt+openfda(a_in_b_label)
Ritonavir,Eplerenone,severe,ndf-rt+openfda(a_in_b_label)
Ritonavir,Aripiprazole,moderate,ndf-rt+openfda(b_in_a_label)
Ritonavir,Eletriptan,severe,ndf-rt+openfda(a_in_b_label)
Ritonavir,Alfuzosin,severe,ndf-rt+openfda(a_in_b_label)
Ritonavir,Vardenafil,moderate,ndf-rt+openfda(a_in_b_label)
Ritonavir,Rosuvastatin,reported,ndf-rt+openfda(a_in_b_label)
Ritonavir,Fosamprenavir,moderate,ndf-rt+openfda(a_in_b_label)
Ritonavir,Tadalafil,moderate,ndf-rt+openfda(a_in_b_label)
Ritonavir,Erlotinib,moderate,ndf-rt+openfda(a_in_b_label)
Ritonavir,Ergotamine,severe,ndf-rt+openfda(a_in_b_label)
Ritonavir,Salmeterol,severe,ndf-rt+openfda(a_in_b_label)
Ritonavir,Irinotecan,moderate,ndf-rt+openfda(a_in_b_label)
Ritonavir,Atorvastatin,severe,ndf-rt+openfda(a_in_b_label)
Ritonavir,Nelfinavir,reported,ndf-rt+openfda(a_in_b_label)
Ritonavir,Tamsulosin,moderate,ndf-rt+openfda(a_in_b_label)
Ritonavir,Quetiapine,moderate,ndf-rt+openfda(a_in_b_label)
Ritonavir,Toremifene,reported,ndf-rt+openfda(a_in_b_label)
Ritonavir,Sildenafil,reported,ndf-rt+openfda(a_in_b_label)
Ritonavir,Tolterodine,moderate,ndf-rt+openfda(a_in_b_label)
Ritonavir,Darifenacin,moderate,ndf-rt+openfda(a_in_b_label)
Ritonavir,Eszopiclone,reported,ndf-rt+openfda(a_in_b_label)
Ritonavir,Deferasirox,reported,ndf-rt+openfda(a_in_b_label)
Ritonavir,Ranolazine,severe,ndf-rt+openfda(a_in_b_label)
Ritonavir,Dasatinib,severe,ndf-rt+openfda(b_in_a_label)
Ritonavir,Maraviroc,severe,ndf-rt+openfda(a_in_b_label)
Ritonavir,Nilotinib,severe,ndf-rt+openfda(b_in_a_label)
Ritonavir,Etravirine,reported,ndf-rt+openfda(a_in_b_label)
Ritonavir,Silodosin,severe,ndf-rt+openfda(a_in_b_label)
Ritonavir,Everolimus,severe,ndf-rt+openfda(a_in_b_label)
Ritonavir,Iloperidone,moderate,ndf-rt+openfda(b_in_a_label)
Ritonavir,Tolvaptan,severe,ndf-rt+openfda(b_in_a_label)
Ritonavir,Dronedarone,severe,ndf-rt+openfda(a_in_b_label)
Ritonavir,Saxagliptin,reported,ndf-rt+openfda(a_in_b_label)
Ritonavir,Pitavastatin,moderate,ndf-rt+openfda(b_in_a_label)
Ritonavir,Cabazitaxel,moderate,ndf-rt+openfda(a_in_b_label)
Ritonavir,Lurasidone,severe,ndf-rt+openfda(a_in_b_label)
Ritonavir,Boceprevir,severe,ndf-rt+openfda(b_in_a_label)
Ritonavir,Rivaroxaban,moderate,ndf-rt+openfda(a_in_b_label)
Ritonavir,Ticagrelor,reported,ndf-rt+openfda(a_in_b_label)
Ritonavir,Ivacaftor,severe,ndf-rt+openfda(b_in_a_label)
Trandolapril,Sirolimus,moderate,ndf-rt+openfda(b_in_a_label)
Trandolapril,Aliskiren,moderate,ndf-rt+openfda(b_in_a_label)
Trandolapril,Temsirolimus,moderate,ndf-rt+openfda(b_in_a_label)
Trandolapril,Everolimus,moderate,ndf-rt+openfda(b_in_a_label)
Cidofovir,Tenofovir,moderate,ndf-rt+openfda(a_in_b_label)
Mirtazapine,Linezolid,severe,ndf-rt+openfda(b_in_a_label)
Iodixanol,Metformin,moderate,ndf-rt+openfda(b_in_a_label)
Sparfloxacin,Ziprasidone,reported,ndf-rt+openfda(a_in_b_label)
Valsartan,Aliskiren,moderate,ndf-rt+openfda(b_in_a_label)
Nevirapine,Etonogestrel,reported,ndf-rt+openfda(a_in_b_label)
Nevirapine,Fosamprenavir,severe,ndf-rt+openfda(a_in_b_label)
Nevirapine,Indinavir,moderate,ndf-rt+openfda(b_in_a_label)
Nevirapine,Nelfinavir,reported,ndf-rt+openfda(a_in_b_label)
Nevirapine,Atazanavir,severe,ndf-rt+openfda(a_in_b_label)
Nevirapine,Maraviroc,reported,ndf-rt+openfda(b_in_a_label)
Nevirapine,Etravirine,reported,ndf-rt+openfda(a_in_b_label)
Nevirapine,Boceprevir,reported,ndf-rt+openfda(b_in_a_label)
Nevirapine,Telaprevir,reported,ndf-rt+openfda(b_in_a_label)
Levofloxacin,Toremifene,moderate,ndf-rt+openfda(a_in_b_label)
Zileuton,Tizanidine,severe,ndf-rt+openfda(a_in_b_label)
Tizanidine,Etonogestrel,reported,ndf-rt+openfda(a_in_b_label)
Tizanidine,Fluvoxamine,reported,ndf-rt+openfda(a_in_b_label)
Tizanidine,Deferasirox,reported,ndf-rt+openfda(a_in_b_label)
Tizanidine,Vemurafenib,reported,ndf-rt+openfda(a_in_b_label)
Topiramate,Etonogestrel,moderate,ndf-rt+openfda(a_in_b_label)
Topiramate,Ulipristal,moderate,ndf-rt+openfda(a_in_b_label)
Sumatriptan,Citalopram,reported,ndf-rt+openfda(a_in_b_label)
Sumatriptan,Ergotamine,severe,ndf-rt+openfda(b_in_a_label)
Sumatriptan,Fluvoxamine,moderate,ndf-rt+openfda(a_in_b_label)
Sumatriptan,Tramadol,moderate,ndf-rt+openfda(b_in_a_label)
Sumatriptan,Escitalopram,moderate,ndf-rt+openfda(a_in_b_label)
Irbesartan,Aliskiren,reported,ndf-rt+openfda(b_in_a_label)
Zolmitriptan,Ergotamine,severe,ndf-rt+openfda(b_in_a_label)
Fenofibrate,Rosuvastatin,moderate,ndf-rt+openfda(a_in_b_label)
Fenofibrate,Atorvastatin,reported,ndf-rt+openfda(a_in_b_label)
Capecitabine,Fosphenytoin,moderate,ndf-rt+openfda(a_in_b_label)
Rituximab,Certolizumab Pegol,moderate,ndf-rt+openfda(a_in_b_label)
Repaglinide,Mifepristone,moderate,ndf-rt+openfda(a_in_b_label)
Repaglinide,Clopidogrel,reported,ndf-rt+openfda(a_in_b_label)
Rizatriptan,Ergotamine,severe,ndf-rt+openfda(b_in_a_label)
Infliximab,Anakinra,severe,ndf-rt+openfda(b_in_a_label)
Infliximab,Abatacept,severe,ndf-rt+openfda(b_in_a_label)
Infliximab,Tocilizumab,severe,ndf-rt+openfda(b_in_a_label)
Rifapentine,Sirolimus,moderate,ndf-rt+openfda(a_in_b_label)
Rifapentine,Erlotinib,reported,ndf-rt+openfda(a_in_b_label)
Rifapentine,Ranolazine,severe,ndf-rt+openfda(a_in_b_label)
Rifapentine,Darunavir,severe,ndf-rt+openfda(a_in_b_label)
Rifapentine,Etravirine,severe,ndf-rt+openfda(a_in_b_label)
Rifapentine,Rilpivirine,severe,ndf-rt+openfda(a_in_b_label)
Rifapentine,Axitinib,reported,ndf-rt+openfda(a_in_b_label)
Citalopram,Moxifloxacin,severe,ndf-rt+openfda(b_in_a_label)
Citalopram,Gatifloxacin,reported,ndf-rt+openfda(b_in_a_label)
Citalopram,Linezolid,severe,ndf-rt+openfda(b_in_a_label)
Citalopram,Esomeprazole,moderate,ndf-rt+openfda(a_in_b_label)
Citalopram,Fluvoxamine,reported,ndf-rt+openfda(b_in_a_label)
Citalopram,Tramadol,severe,ndf-rt+openfda(b_in_a_label)
Efavirenz,Etonogestrel,reported,ndf-rt+openfda(a_in_b_label)
Efavirenz,Voriconazole,severe,ndf-rt+openfda(a_in_b_label)
Efavirenz,Fosamprenavir,severe,ndf-rt+openfda(a_in_b_label)
Efavirenz,Indinavir,reported,ndf-rt+openfda(b_in_a_label)
Efavirenz,Fosphenytoin,moderate,ndf-rt+openfda(a_in_b_label)
Efavirenz,Nelfinavir,moderate,ndf-rt+openfda(b_in_a_label)
Efavirenz,Atazanavir,moderate,ndf-rt+openfda(a_in_b_label)
Efavirenz,Posaconazole,moderate,ndf-rt+openfda(a_in_b_label)
Efavirenz,Maraviroc,severe,ndf-rt+openfda(a_in_b_label)
Efavirenz,Etravirine,reported,ndf-rt+openfda(a_in_b_label)
Efavirenz,Boceprevir,moderate,ndf-rt+openfda(b_in_a_label)
Efavirenz,Axitinib,severe,ndf-rt+openfda(a_in_b_label)
Etanercept,Anakinra,severe,ndf-rt+openfda(a_in_b_label)
Etanercept,Varicella,moderate,ndf-rt+openfda(b_in_a_label)
Etanercept,Abatacept,severe,ndf-rt+openfda(b_in_a_label)
Trastuzumab,Epirubicin,moderate,ndf-rt+openfda(a_in_b_label)
Trastuzumab,Voriconazole,reported,ndf-rt+openfda(b_in_a_label)
Trastuzumab,Telithromycin,reported,ndf-rt+openfda(b_in_a_label)
Trastuzumab,Indinavir,reported,ndf-rt+openfda(b_in_a_label)
Trastuzumab,Nelfinavir,reported,ndf-rt+openfda(b_in_a_label)
Trastuzumab,Atazanavir,reported,ndf-rt+openfda(b_in_a_label)
Sevelamer Hydrochloride,Levothyroxine,reported,ndf-rt+openfda(b_in_a_label)
Celecoxib,Pemetrexed,severe,ndf-rt+openfda(b_in_a_label)
Telmisartan,Aliskiren,moderate,ndf-rt+openfda(b_in_a_label)
Modafinil,Axitinib,severe,ndf-rt+openfda(a_in_b_label)
Candesartan,Aliskiren,reported,ndf-rt+openfda(b_in_a_label)
Cilostazol,Esomeprazole,moderate,ndf-rt+openfda(a_in_b_label)
Cilostazol,Anagrelide,moderate,ndf-rt+openfda(a_in_b_label)
Amprenavir,Bosentan,reported,ndf-rt+openfda(a_in_b_label)
Amprenavir,Etonogestrel,reported,ndf-rt+openfda(a_in_b_label)
Amprenavir,Everolimus,moderate,ndf-rt+openfda(a_in_b_label)
Rabeprazole,Mycophenolic Acid,reported,ndf-rt+openfda(b_in_a_label)
Rabeprazole,Erlotinib,moderate,ndf-rt+openfda(b_in_a_label)
Rabeprazole,Nelfinavir,moderate,ndf-rt+openfda(b_in_a_label)
Rabeprazole,Clopidogrel,moderate,ndf-rt+openfda(b_in_a_label)
Rabeprazole,Atazanavir,moderate,ndf-rt+openfda(b_in_a_label)
Rabeprazole,Dasatinib,moderate,ndf-rt+openfda(b_in_a_label)
Rabeprazole,Mycophenolate,moderate,ndf-rt+openfda(b_in_a_label)
Rabeprazole,Nilotinib,moderate,ndf-rt+openfda(b_in_a_label)
Rabeprazole,Rilpivirine,severe,ndf-rt+openfda(a_in_b_label)
Sirolimus,Mifepristone,severe,ndf-rt+openfda(a_in_b_label)
Sirolimus,Voriconazole,severe,ndf-rt+openfda(a_in_b_label)
Sirolimus,Fosamprenavir,severe,ndf-rt+openfda(a_in_b_label)
Sirolimus,Telithromycin,moderate,ndf-rt+openfda(b_in_a_label)
Sirolimus,Indinavir,reported,ndf-rt+openfda(b_in_a_label)
Sirolimus,Nelfinavir,reported,ndf-rt+openfda(a_in_b_label)
Sirolimus,Atazanavir,moderate,ndf-rt+openfda(a_in_b_label)
Sirolimus,Darunavir,moderate,ndf-rt+openfda(a_in_b_label)
Sirolimus,Posaconazole,severe,ndf-rt+openfda(a_in_b_label)
Sirolimus,Etravirine,moderate,ndf-rt+openfda(a_in_b_label)
Sirolimus,Boceprevir,reported,ndf-rt+openfda(b_in_a_label)
Sirolimus,Telaprevir,reported,ndf-rt+openfda(b_in_a_label)
Sirolimus,Ivacaftor,moderate,ndf-rt+openfda(a_in_b_label)
Perindopril,Aliskiren,reported,ndf-rt+openfda(b_in_a_label)
Moxifloxacin,Ziprasidone,reported,ndf-rt+openfda(a_in_b_label)
Moxifloxacin,Anagrelide,moderate,ndf-rt+openfda(a_in_b_label)
Gatifloxacin,Ziprasidone,reported,ndf-rt+openfda(a_in_b_label)
Alosetron,Fluvoxamine,severe,ndf-rt+openfda(a_in_b_label)
Oxcarbazepine,Etonogestrel,moderate,ndf-rt+openfda(a_in_b_label)
Oxcarbazepine,Fosphenytoin,moderate,ndf-rt+openfda(a_in_b_label)
Oxcarbazepine,Ulipristal,moderate,ndf-rt+openfda(a_in_b_label)
Oxcarbazepine,Rilpivirine,severe,ndf-rt+openfda(a_in_b_label)
Dofetilide,Ziprasidone,reported,ndf-rt+openfda(a_in_b_label)
Dofetilide,Megestrol,severe,ndf-rt+openfda(b_in_a_label)
Dofetilide,Metformin,severe,ndf-rt+openfda(b_in_a_label)
Dofetilide,Toremifene,moderate,ndf-rt+openfda(a_in_b_label)
Meloxicam,Pemetrexed,severe,ndf-rt+openfda(b_in_a_label)
Pantoprazole,Mycophenolic Acid,moderate,ndf-rt+openfda(a_in_b_label)
Pantoprazole,Erlotinib,moderate,ndf-rt+openfda(b_in_a_label)
Pantoprazole,Nelfinavir,moderate,ndf-rt+openfda(b_in_a_label)
Pantoprazole,Clopidogrel,moderate,ndf-rt+openfda(a_in_b_label)
Pantoprazole,Atazanavir,moderate,ndf-rt+openfda(b_in_a_label)
Pantoprazole,Dasatinib,moderate,ndf-rt+openfda(b_in_a_label)
Pantoprazole,Mycophenolate,moderate,ndf-rt+openfda(a_in_b_label)
Pantoprazole,Nilotinib,moderate,ndf-rt+openfda(b_in_a_label)
Pantoprazole,Rilpivirine,severe,ndf-rt+openfda(a_in_b_label)
Linezolid,Dexmethylphenidate,severe,ndf-rt+openfda(a_in_b_label)
Linezolid,Duloxetine,severe,ndf-rt+openfda(a_in_b_label)
Linezolid,Venlafaxine,severe,ndf-rt+openfda(a_in_b_label)
Linezolid,Fluvoxamine,severe,ndf-rt+openfda(a_in_b_label)
Linezolid,Tramadol,moderate,ndf-rt+openfda(a_in_b_label)
Linezolid,Remifentanil,moderate,ndf-rt+openfda(a_in_b_label)
Linezolid,Escitalopram,severe,ndf-rt+openfda(a_in_b_label)
Linezolid,Atomoxetine,severe,ndf-rt+openfda(a_in_b_label)
Linezolid,Milnacipran,severe,ndf-rt+openfda(a_in_b_label)
Linezolid,Lisdexamfetamine,moderate,ndf-rt+openfda(a_in_b_label)
Linezolid,Desvenlafaxine,severe,ndf-rt+openfda(a_in_b_label)
Linezolid,Tapentadol,moderate,ndf-rt+openfda(a_in_b_label)
Linezolid,Vilazodone,severe,ndf-rt+openfda(a_in_b_label)
Colesevelam,Deferasirox,reported,ndf-rt+openfda(a_in_b_label)
Mifepristone,Voriconazole,moderate,ndf-rt+openfda(b_in_a_label)
Mifepristone,Telithromycin,moderate,ndf-rt+openfda(b_in_a_label)
Mifepristone,Ergotamine,severe,ndf-rt+openfda(b_in_a_label)
Mifepristone,Indinavir,moderate,ndf-rt+openfda(b_in_a_label)
Mifepristone,Nelfinavir,moderate,ndf-rt+openfda(b_in_a_label)
Mifepristone,Conivaptan,moderate,ndf-rt+openfda(b_in_a_label)
Mifepristone,Posaconazole,moderate,ndf-rt+openfda(b_in_a_label)
Ziprasidone,Dolasetron,severe,ndf-rt+openfda(b_in_a_label)
Imatinib,Fosphenytoin,reported,ndf-rt+openfda(b_in_a_label)
Esomeprazole,Mycophenolic Acid,reported,ndf-rt+openfda(b_in_a_label)
Esomeprazole,Erlotinib,severe,ndf-rt+openfda(b_in_a_label)
Esomeprazole,Nelfinavir,moderate,ndf-rt+openfda(b_in_a_label)
Esomeprazole,Clopidogrel,moderate,ndf-rt+openfda(a_in_b_label)
Esomeprazole,Atazanavir,moderate,ndf-rt+openfda(b_in_a_label)
Esomeprazole,Dasatinib,severe,ndf-rt+openfda(b_in_a_label)
Esomeprazole,Mycophenolate,moderate,ndf-rt+openfda(b_in_a_label)
Esomeprazole,Posaconazole,moderate,ndf-rt+openfda(a_in_b_label)
Esomeprazole,Nilotinib,severe,ndf-rt+openfda(b_in_a_label)
Esomeprazole,Pazopanib,moderate,ndf-rt+openfda(a_in_b_label)
Esomeprazole,Rilpivirine,severe,ndf-rt+openfda(a_in_b_label)
Almotriptan,Ergotamine,severe,ndf-rt+openfda(b_in_a_label)
Tenofovir,Adefovir,moderate,ndf-rt+openfda(b_in_a_label)
Tenofovir,Atazanavir,reported,ndf-rt+openfda(a_in_b_label)
Anakinra,Adalimumab,moderate,ndf-rt+openfda(a_in_b_label)
Anakinra,Certolizumab Pegol,moderate,ndf-rt+openfda(a_in_b_label)
Anakinra,Golimumab,moderate,ndf-rt+openfda(a_in_b_label)
Bosentan,Etonogestrel,moderate,ndf-rt+openfda(a_in_b_label)
Bosentan,Fosamprenavir,moderate,ndf-rt+openfda(a_in_b_label)
Bosentan,Nelfinavir,moderate,ndf-rt+openfda(a_in_b_label)
Bosentan,Sildenafil,severe,ndf-rt+openfda(a_in_b_label)
Bosentan,Atazanavir,severe,ndf-rt+openfda(a_in_b_label)
Bosentan,Ulipristal,moderate,ndf-rt+openfda(a_in_b_label)
Bosentan,Axitinib,severe,ndf-rt+openfda(a_in_b_label)
Etonogestrel,Nelfinavir,reported,ndf-rt+openfda(b_in_a_label)
Etonogestrel,Atazanavir,reported,ndf-rt+openfda(b_in_a_label)
Etonogestrel,Tipranavir,reported,ndf-rt+openfda(b_in_a_label)
Etonogestrel,Rufinamide,moderate,ndf-rt+openfda(b_in_a_label)
Etonogestrel,Darunavir,reported,ndf-rt+openfda(b_in_a_label)
Etonogestrel,Boceprevir,reported,ndf-rt+openfda(b_in_a_label)
Etonogestrel,Telaprevir,reported,ndf-rt+openfda(b_in_a_label)
Frovatriptan,Ergotamine,severe,ndf-rt+openfda(b_in_a_label)
Voriconazole,Eplerenone,severe,ndf-rt+openfda(b_in_a_label)
Voriconazole,Erlotinib,reported,ndf-rt+openfda(a_in_b_label)
Voriconazole,Ergotamine,severe,ndf-rt+openfda(b_in_a_label)
Voriconazole,Irinotecan,moderate,ndf-rt+openfda(a_in_b_label)
Voriconazole,Fosphenytoin,moderate,ndf-rt+openfda(a_in_b_label)
Voriconazole,Atorvastatin,moderate,ndf-rt+openfda(a_in_b_label)
Voriconazole,Toremifene,reported,ndf-rt+openfda(a_in_b_label)
Voriconazole,Sunitinib,moderate,ndf-rt+openfda(b_in_a_label)
Voriconazole,Dasatinib,moderate,ndf-rt+openfda(b_in_a_label)
Voriconazole,Nilotinib,moderate,ndf-rt+openfda(b_in_a_label)
Voriconazole,Etravirine,moderate,ndf-rt+openfda(a_in_b_label)
Voriconazole,Everolimus,severe,ndf-rt+openfda(a_in_b_label)
Voriconazole,Tolvaptan,severe,ndf-rt+openfda(b_in_a_label)
Voriconazole,Dronedarone,severe,ndf-rt+openfda(a_in_b_label)
Voriconazole,Cabazitaxel,moderate,ndf-rt+openfda(a_in_b_label)
Voriconazole,Lurasidone,severe,ndf-rt+openfda(a_in_b_label)
Voriconazole,Vilazodone,moderate,ndf-rt+openfda(a_in_b_label)
Voriconazole,Ticagrelor,reported,ndf-rt+openfda(a_in_b_label)
Voriconazole,Axitinib,moderate,ndf-rt+openfda(b_in_a_label)
Voriconazole,Ivacaftor,moderate,ndf-rt+openfda(a_in_b_label)
Eplerenone,Nelfinavir,severe,ndf-rt+openfda(b_in_a_label)
Adalimumab,Abatacept,moderate,ndf-rt+openfda(b_in_a_label)
Eletriptan,Ergotamine,severe,ndf-rt+openfda(b_in_a_label)
Eletriptan,Nelfinavir,severe,ndf-rt+openfda(b_in_a_label)
Alfuzosin,Vardenafil,moderate,ndf-rt+openfda(a_in_b_label)
Alfuzosin,Fosamprenavir,severe,ndf-rt+openfda(a_in_b_label)
Alfuzosin,Tadalafil,moderate,ndf-rt+openfda(a_in_b_label)
Alfuzosin,Nelfinavir,severe,ndf-rt+openfda(a_in_b_label)
Alfuzosin,Atazanavir,severe,ndf-rt+openfda(a_in_b_label)
Vardenafil,Fosamprenavir,reported,ndf-rt+openfda(a_in_b_label)
Vardenafil,Indinavir,moderate,ndf-rt+openfda(b_in_a_label)
Vardenafil,Nelfinavir,moderate,ndf-rt+openfda(a_in_b_label)
Vardenafil,Tamsulosin,moderate,ndf-rt+openfda(b_in_a_label)
Vardenafil,Atazanavir,severe,ndf-rt+openfda(a_in_b_label)
Vardenafil,Darunavir,severe,ndf-rt+openfda(a_in_b_label)
Rosuvastatin,Fosamprenavir,moderate,ndf-rt+openfda(a_in_b_label)
Rosuvastatin,Nelfinavir,moderate,ndf-rt+openfda(a_in_b_label)
Rosuvastatin,Atazanavir,severe,ndf-rt+openfda(a_in_b_label)
Rosuvastatin,Tipranavir,moderate,ndf-rt+openfda(b_in_a_label)
Rosuvastatin,Darunavir,severe,ndf-rt+openfda(a_in_b_label)
Rosuvastatin,Eltrombopag,moderate,ndf-rt+openfda(a_in_b_label)
Rosuvastatin,Fenofibric Acid,moderate,ndf-rt+openfda(b_in_a_label)
Fosamprenavir,Tadalafil,reported,ndf-rt+openfda(b_in_a_label)
Fosamprenavir,Ergonovine,severe,ndf-rt+openfda(b_in_a_label)
Fosamprenavir,Ergotamine,severe,ndf-rt+openfda(b_in_a_label)
Fosamprenavir,Salmeterol,severe,ndf-rt+openfda(b_in_a_label)
Fosamprenavir,Atorvastatin,severe,ndf-rt+openfda(a_in_b_label)
Fosamprenavir,Delavirdine,severe,ndf-rt+openfda(b_in_a_label)
Fosamprenavir,Sildenafil,reported,ndf-rt+openfda(b_in_a_label)
Fosamprenavir,Atazanavir,moderate,ndf-rt+openfda(b_in_a_label)
Fosamprenavir,Maraviroc,moderate,ndf-rt+openfda(b_in_a_label)
Fosamprenavir,Etravirine,severe,ndf-rt+openfda(a_in_b_label)
Fosamprenavir,Everolimus,severe,ndf-rt+openfda(b_in_a_label)
Fosamprenavir,Lurasidone,reported,ndf-rt+openfda(b_in_a_label)
Tadalafil,Nelfinavir,moderate,ndf-rt+openfda(a_in_b_label)
Tadalafil,Tamsulosin,moderate,ndf-rt+openfda(b_in_a_label)
Tadalafil,Atazanavir,severe,ndf-rt+openfda(a_in_b_label)
Tadalafil,Darunavir,severe,ndf-rt+openfda(a_in_b_label)
Tadalafil,Silodosin,moderate,ndf-rt+openfda(a_in_b_label)
Mycophenolic Acid,Dexlansoprazole,reported,ndf-rt+openfda(a_in_b_label)
Telithromycin,Erlotinib,reported,ndf-rt+openfda(a_in_b_label)
Telithromycin,Salmeterol,severe,ndf-rt+openfda(a_in_b_label)
Telithromycin,Toremifene,reported,ndf-rt+openfda(a_in_b_label)
Telithromycin,Everolimus,severe,ndf-rt+openfda(a_in_b_label)
Telithromycin,Dronedarone,moderate,ndf-rt+openfda(a_in_b_label)
Telithromycin,Saxagliptin,reported,ndf-rt+openfda(a_in_b_label)
Telithromycin,Cabazitaxel,moderate,ndf-rt+openfda(a_in_b_label)
Telithromycin,Ticagrelor,reported,ndf-rt+openfda(a_in_b_label)
Telithromycin,Ivacaftor,moderate,ndf-rt+openfda(a_in_b_label)
Duloxetine,Fluvoxamine,moderate,ndf-rt+openfda(b_in_a_label)
Natalizumab,Certolizumab Pegol,moderate,ndf-rt+openfda(a_in_b_label)
Natalizumab,Fingolimod,moderate,ndf-rt+openfda(a_in_b_label)
Erlotinib,Nelfinavir,reported,ndf-rt+openfda(b_in_a_label)
Erlotinib,Dexlansoprazole,moderate,ndf-rt+openfda(a_in_b_label)
Ergonovine,Atazanavir,severe,ndf-rt+openfda(a_in_b_label)
Levothyroxine,Sevelamer,reported,ndf-rt+openfda(a_in_b_label)
Levothyroxine,Lanthanum,reported,ndf-rt+openfda(a_in_b_label)
Levothyroxine,Sevelamer Carbonate,reported,ndf-rt+openfda(a_in_b_label)
Liothyronine,Sevelamer,moderate,ndf-rt+openfda(b_in_a_label)
Troleandomycin,Ergotamine,severe,ndf-rt+openfda(a_in_b_label)
Ergotamine,Indinavir,severe,ndf-rt+openfda(b_in_a_label)
Ergotamine,Nelfinavir,severe,ndf-rt+openfda(a_in_b_label)
Ergotamine,Naratriptan,severe,ndf-rt+openfda(a_in_b_label)
Ergotamine,Atazanavir,severe,ndf-rt+openfda(a_in_b_label)
Ergotamine,Darunavir,severe,ndf-rt+openfda(a_in_b_label)
Ergotamine,Posaconazole,severe,ndf-rt+openfda(a_in_b_label)
Tacrine,Fluvoxamine,moderate,ndf-rt+openfda(a_in_b_label)
Venlafaxine,Tramadol,reported,ndf-rt+openfda(b_in_a_label)
Venlafaxine,Toremifene,reported,ndf-rt+openfda(a_in_b_label)
Granisetron,Toremifene,moderate,ndf-rt+openfda(a_in_b_label)
Salmeterol,Indinavir,severe,ndf-rt+openfda(b_in_a_label)
Salmeterol,Nelfinavir,severe,ndf-rt+openfda(a_in_b_label)
Salmeterol,Atazanavir,severe,ndf-rt+openfda(a_in_b_label)
Fluvoxamine,Fosphenytoin,reported,ndf-rt+openfda(a_in_b_label)
Fluvoxamine,Escitalopram,reported,ndf-rt+openfda(a_in_b_label)
Fluvoxamine,Ramelteon,severe,ndf-rt+openfda(a_in_b_label)
Fluvoxamine,Clobazam,severe,ndf-rt+openfda(a_in_b_label)
Tramadol,Rasagiline,severe,ndf-rt+openfda(a_in_b_label)
Tramadol,Desvenlafaxine,moderate,ndf-rt+openfda(a_in_b_label)
Moexipril,Aliskiren,severe,ndf-rt+openfda(b_in_a_label)
Ibutilide,Toremifene,moderate,ndf-rt+openfda(a_in_b_label)
Indinavir,Irinotecan,moderate,ndf-rt+openfda(a_in_b_label)
Indinavir,Nelfinavir,reported,ndf-rt+openfda(a_in_b_label)
Indinavir,Quetiapine,moderate,ndf-rt+openfda(a_in_b_label)
Indinavir,Toremifene,reported,ndf-rt+openfda(a_in_b_label)
Indinavir,Atazanavir,severe,ndf-rt+openfda(a_in_b_label)
Indinavir,Ranolazine,severe,ndf-rt+openfda(a_in_b_label)
Indinavir,Etravirine,severe,ndf-rt+openfda(a_in_b_label)
Indinavir,Everolimus,moderate,ndf-rt+openfda(a_in_b_label)
Indinavir,Saxagliptin,reported,ndf-rt+openfda(a_in_b_label)
Indinavir,Cabazitaxel,moderate,ndf-rt+openfda(a_in_b_label)
Indinavir,Ticagrelor,reported,ndf-rt+openfda(a_in_b_label)
Irinotecan,Fosphenytoin,severe,ndf-rt+openfda(a_in_b_label)
Irinotecan,Nelfinavir,moderate,ndf-rt+openfda(b_in_a_label)
Irinotecan,Atazanavir,severe,ndf-rt+openfda(a_in_b_label)
Irinotecan,Telaprevir,moderate,ndf-rt+openfda(b_in_a_label)
Fosphenytoin,Delavirdine,severe,ndf-rt+openfda(b_in_a_label)
Fosphenytoin,Quetiapine,reported,ndf-rt+openfda(b_in_a_label)
Fosphenytoin,Posaconazole,moderate,ndf-rt+openfda(b_in_a_label)
Fosphenytoin,Rivaroxaban,reported,ndf-rt+openfda(b_in_a_label)
Fosphenytoin,Ticagrelor,moderate,ndf-rt+openfda(b_in_a_label)
Atorvastatin,Nelfinavir,moderate,ndf-rt+openfda(a_in_b_label)
Atorvastatin,Atazanavir,severe,ndf-rt+openfda(a_in_b_label)
Atorvastatin,Tipranavir,severe,ndf-rt+openfda(b_in_a_label)
Atorvastatin,Darunavir,severe,ndf-rt+openfda(a_in_b_label)
Atorvastatin,Posaconazole,severe,ndf-rt+openfda(a_in_b_label)
Atorvastatin,Boceprevir,moderate,ndf-rt+openfda(b_in_a_label)
Atorvastatin,Telaprevir,moderate,ndf-rt+openfda(b_in_a_label)
Nelfinavir,Delavirdine,moderate,ndf-rt+openfda(b_in_a_label)
Nelfinavir,Quetiapine,reported,ndf-rt+openfda(b_in_a_label)
Nelfinavir,Toremifene,reported,ndf-rt+openfda(a_in_b_label)
Nelfinavir,Sildenafil,moderate,ndf-rt+openfda(b_in_a_label)
Nelfinavir,Darifenacin,moderate,ndf-rt+openfda(a_in_b_label)
Nelfinavir,Eszopiclone,reported,ndf-rt+openfda(a_in_b_label)
Nelfinavir,Ranolazine,severe,ndf-rt+openfda(a_in_b_label)
Nelfinavir,Etravirine,moderate,ndf-rt+openfda(a_in_b_label)
Nelfinavir,Dexlansoprazole,moderate,ndf-rt+openfda(a_in_b_label)
Nelfinavir,Everolimus,moderate,ndf-rt+openfda(a_in_b_label)
Nelfinavir,Saxagliptin,reported,ndf-rt+openfda(a_in_b_label)
Nelfinavir,Cabazitaxel,moderate,ndf-rt+openfda(a_in_b_label)
Nelfinavir,Lurasidone,severe,ndf-rt+openfda(b_in_a_label)
Nelfinavir,Ticagrelor,reported,ndf-rt+openfda(a_in_b_label)
Delavirdine,Etravirine,severe,ndf-rt+openfda(a_in_b_label)
Quetiapine,Atazanavir,severe,ndf-rt+openfda(a_in_b_label)
Quetiapine,Darunavir,severe,ndf-rt+openfda(a_in_b_label)
Clopidogrel,Etravirine,moderate,ndf-rt+openfda(a_in_b_label)
Clopidogrel,Dexlansoprazole,moderate,ndf-rt+openfda(b_in_a_label)
Clopidogrel,Rivaroxaban,moderate,ndf-rt+openfda(a_in_b_label)
Toremifene,Atazanavir,reported,ndf-rt+openfda(b_in_a_label)
Sildenafil,Atazanavir,severe,ndf-rt+openfda(a_in_b_label)
Sildenafil,Darunavir,severe,ndf-rt+openfda(a_in_b_label)
Atazanavir,Ranolazine,severe,ndf-rt+openfda(b_in_a_label)
Atazanavir,Dasatinib,severe,ndf-rt+openfda(b_in_a_label)
Atazanavir,Maraviroc,severe,ndf-rt+openfda(b_in_a_label)
Atazanavir,Nilotinib,severe,ndf-rt+openfda(b_in_a_label)
Atazanavir,Etravirine,reported,ndf-rt+openfda(a_in_b_label)
Atazanavir,Dexlansoprazole,moderate,ndf-rt+openfda(a_in_b_label)
Atazanavir,Everolimus,moderate,ndf-rt+openfda(b_in_a_label)
Atazanavir,Dronedarone,severe,ndf-rt+openfda(b_in_a_label)
Atazanavir,Saxagliptin,reported,ndf-rt+openfda(a_in_b_label)
Atazanavir,Cabazitaxel,moderate,ndf-rt+openfda(a_in_b_label)
Atazanavir,Lurasidone,reported,ndf-rt+openfda(a_in_b_label)
Atazanavir,Rivaroxaban,reported,ndf-rt+openfda(b_in_a_label)
Atazanavir,Ticagrelor,reported,ndf-rt+openfda(a_in_b_label)
Tipranavir,Maraviroc,severe,ndf-rt+openfda(a_in_b_label)
Tipranavir,Etravirine,moderate,ndf-rt+openfda(a_in_b_label)
Ranolazine,Darunavir,moderate,ndf-rt+openfda(a_in_b_label)
Abatacept,Certolizumab Pegol,moderate,ndf-rt+openfda(a_in_b_label)
Abatacept,Golimumab,moderate,ndf-rt+openfda(a_in_b_label)
Darunavir,Maraviroc,severe,ndf-rt+openfda(b_in_a_label)
Darunavir,Everolimus,severe,ndf-rt+openfda(b_in_a_label)
Darunavir,Dronedarone,moderate,ndf-rt+openfda(b_in_a_label)
Dasatinib,Dexlansoprazole,moderate,ndf-rt+openfda(a_in_b_label)
Mycophenolate,Dexlansoprazole,moderate,ndf-rt+openfda(a_in_b_label)
Posaconazole,Ivacaftor,moderate,ndf-rt+openfda(a_in_b_label)
Aliskiren,Azilsartan,reported,ndf-rt+openfda(a_in_b_label)
Maraviroc,Etravirine,severe,ndf-rt+openfda(a_in_b_label)
Nilotinib,Dexlansoprazole,moderate,ndf-rt+openfda(a_in_b_label)
Etravirine,Rilpivirine,moderate,ndf-rt+openfda(a_in_b_label)
Etravirine,Axitinib,severe,ndf-rt+openfda(a_in_b_label)
Dexlansoprazole,Rilpivirine,severe,ndf-rt+openfda(a_in_b_label)
Everolimus,Boceprevir,severe,ndf-rt+openfda(b_in_a_label)
Everolimus,Telaprevir,severe,ndf-rt+openfda(b_in_a_label)
Everolimus,Ivacaftor,moderate,ndf-rt+openfda(a_in_b_label)
Levomethadyl Acetate,Pimozide,reported,ndf-rt+openfda(a_in_b_label)
Haloperidol,Methadone,moderate,ndf-rt+openfda(b_in_a_label)
Erythromycin,Clarithromycin,moderate,ndf-rt+openfda(a_in_b_label)
Tramadol,Phenelzine,severe,ndf-rt+openfda(b_in_a_label)
Methadone,Phenelzine,severe,ndf-rt+openfda(b_in_a_label)
Quinidine,Haloperidol,moderate,ndf-rt+openfda(a_in_b_label)
Duloxetine,Phenelzine,severe,ndf-rt+openfda(b_in_a_label)
Clomipramine,Phenelzine,moderate,ndf-rt+openfda(a_in_b_label)
Lovastatin,Lopinavir,severe,ndf-rt+openfda(a_in_b_label)
Lopinavir,Rifabutin,reported,ndf-rt+openfda(a_in_b_label)
Halofantrine,Pimozide,reported,ndf-rt+openfda(a_in_b_label)
Desvenlafaxine,Phenelzine,severe,ndf-rt+openfda(b_in_a_label)
Pimozide,Sparfloxacin,reported,ndf-rt+openfda(b_in_a_label)
Dextromethorphan,Phenelzine,severe,ndf-rt+openfda(a_in_b_label)
Rizatriptan,Phenelzine,moderate,ndf-rt+openfda(b_in_a_label)
Amphetamine,Phenelzine,severe,ndf-rt+openfda(b_in_a_label)
Desipramine,Phenelzine,moderate,ndf-rt+openfda(a_in_b_label)
Fluvoxamine,Phenelzine,severe,ndf-rt+openfda(a_in_b_label)
Methylphenidate,Phenelzine,reported,ndf-rt+openfda(a_in_b_label)
Nortriptyline,Phenelzine,moderate,ndf-rt+openfda(a_in_b_label)
Irinotecan,Darunavir,severe,ndf-rt+openfda(a_in_b_label)
Pentamidine,Citalopram,reported,ndf-rt+openfda(a_in_b_label)
Pimozide,Mesoridazine,reported,ndf-rt+openfda(b_in_a_label)
Pimozide,Probucol,reported,ndf-rt+openfda(b_in_a_label)
Methylergometrine,Ketoconazole,severe,ndf-rt+openfda(a_in_b_label)
Irinotecan,Lopinavir,moderate,ndf-rt+openfda(b_in_a_label)
Citalopram,Escitalopram,moderate,ndf-rt+openfda(a_in_b_label)
Trimipramine,Phenelzine,moderate,ndf-rt+openfda(a_in_b_label)
Pentamidine,Pimozide,reported,ndf-rt+openfda(a_in_b_label)
Amitriptyline,Phenelzine,moderate,ndf-rt+openfda(a_in_b_label)
Doxepin,Phenelzine,moderate,ndf-rt+openfda(a_in_b_label)
Citalopram,Phenelzine,severe,ndf-rt+openfda(a_in_b_label)
Imipramine,Phenelzine,moderate,ndf-rt+openfda(a_in_b_label)
Azithromycin,Erythromycin,severe,ndf-rt+openfda(b_in_a_label)
Venlafaxine,Phenelzine,severe,ndf-rt+openfda(a_in_b_label)
Dextroamphetamine,Phenelzine,severe,ndf-rt+openfda(b_in_a_label)
Paroxetine,Phenelzine,severe,ndf-rt+openfda(a_in_b_label)
Chlorpromazine,Pimozide,reported,ndf-rt+openfda(a_in_b_label)
Ergotamine,Lopinavir,severe,ndf-rt+openfda(a_in_b_label)
Tipranavir,Rifabutin,moderate,ndf-rt+openfda(a_in_b_label)
Thioridazine,Mesoridazine,reported,ndf-rt+openfda(b_in_a_label)
Simvastatin,Lopinavir,severe,ndf-rt+openfda(a_in_b_label)
Dihydroergotamine,Lopinavir,severe,ndf-rt+openfda(a_in_b_label)
Lopinavir,Carbamazepine,moderate,ndf-rt+openfda(b_in_a_label)
Levomethadyl Acetate,Citalopram,reported,ndf-rt+openfda(a_in_b_label)
Dexmethylphenidate,Phenelzine,severe,ndf-rt+openfda(b_in_a_label)
Arsenic Trioxide,Pimozide,reported,ndf-rt+openfda(a_in_b_label)
Sertraline,Phenelzine,severe,ndf-rt+openfda(a_in_b_label)
Methylergometrine,Itraconazole,reported,ndf-rt+openfda(a_in_b_label)
Protriptyline,Phenelzine,moderate,ndf-rt+openfda(a_in_b_label)
Fluoxetine,Phenelzine,severe,ndf-rt+openfda(a_in_b_label)
Fentanyl,Phenelzine,severe,ndf-rt+openfda(b_in_a_label)
Darunavir,Bosentan,reported,ndf-rt+openfda(b_in_a_label)
Tapentadol,Phenelzine,moderate,ndf-rt+openfda(b_in_a_label)
Lopinavir,Bosentan,reported,ndf-rt+openfda(b_in_a_label)
